asset_ref,filename,drive_id,source_parent_id,target_folder_id,target_folder_name,calendar_date,calendar_time,operation,copy_allowed,status,move_timing
2608028,2608028 - Universe -  El amor esta en todos lados.png,1OMQislufbj5TEThH37s0GnpirN2ffwuy,1b0FRf8BFg2fIUoIf5CeMeiQb3uDduWcZ,11nuEUoU2Or8uc0oxXLu7-k6LChk8zQNf,08 Agosto,2026-08-17,11:00,MOVE_ONLY,NO,MOVED_MANUALLY_VERIFIED,AFTER_FACEBOOK_PROGRAMMING
2608034,2608034- Elara - uno debe ser chismoso.jpeg,1jkOakhil7LbJVHxHPvx8Alladlc5W8XT,1b0FRf8BFg2fIUoIf5CeMeiQb3uDduWcZ,11nuEUoU2Or8uc0oxXLu7-k6LChk8zQNf,08 Agosto,2026-08-17,13:30,MOVE_ONLY,NO,MOVED_MANUALLY_VERIFIED,AFTER_FACEBOOK_PROGRAMMING
2608027,2608027.jpeg,1CRelpkyI-Y9zdp8qQ2kGBDCdX3XlD9VL,1b0FRf8BFg2fIUoIf5CeMeiQb3uDduWcZ,11nuEUoU2Or8uc0oxXLu7-k6LChk8zQNf,08 Agosto,2026-08-17,17:00,MOVE_ONLY,NO,MOVED_MANUALLY_VERIFIED,AFTER_FACEBOOK_PROGRAMMING
2608029,2608029 - Wilfred - Quiero loquiar.jpeg,1hmJCzpO7HFnRB3vs0cxVoFglhcfYtQN7,1b0FRf8BFg2fIUoIf5CeMeiQb3uDduWcZ,11nuEUoU2Or8uc0oxXLu7-k6LChk8zQNf,08 Agosto,2026-08-17,19:00,MOVE_ONLY,NO,MOVED_MANUALLY_VERIFIED,AFTER_FACEBOOK_PROGRAMMING
2608038,2608038- Ganso - Mejor pudriendome en dinero.jpeg,1Xk_RJhy4AyMfLGYMC0f1SU1XX8fLy0Yx,1b0FRf8BFg2fIUoIf5CeMeiQb3uDduWcZ,11nuEUoU2Or8uc0oxXLu7-k6LChk8zQNf,08 Agosto,2026-08-20,11:00,MOVE_ONLY,NO,MOVED_MANUALLY_VERIFIED,AFTER_FACEBOOK_PROGRAMMING
2608046,2608046 - Universe - Mis firmas no se parecen.jpeg,1PNkHfF94nsAWjERNaR_hrJr8xSCOJFNf,1b0FRf8BFg2fIUoIf5CeMeiQb3uDduWcZ,11nuEUoU2Or8uc0oxXLu7-k6LChk8zQNf,08 Agosto,2026-08-18,11:00,MOVE_ONLY,NO,MOVED_MANUALLY_VERIFIED,AFTER_FACEBOOK_PROGRAMMING
2608050,2608050 - Universe - A ponerse en forma.jpeg,1B9GdRzUTIJOIBOJrgoQ0DYKToP3ei27b,1b0FRf8BFg2fIUoIf5CeMeiQb3uDduWcZ,11nuEUoU2Or8uc0oxXLu7-k6LChk8zQNf,08 Agosto,2026-08-22,10:00,MOVE_ONLY,NO,MOVED_MANUALLY_VERIFIED,AFTER_FACEBOOK_PROGRAMMING
2608052,2608052 - Evan - Yo confiando en Google Maps.jpeg,1xjqD0PgX-Q42RAIEmfJu9H3RvNDWwU73,1b0FRf8BFg2fIUoIf5CeMeiQb3uDduWcZ,11nuEUoU2Or8uc0oxXLu7-k6LChk8zQNf,08 Agosto,2026-08-18,16:00,MOVE_ONLY,NO,MOVED_MANUALLY_VERIFIED,AFTER_FACEBOOK_PROGRAMMING
2608032,2608032 - Kiri - Para romper el echizo tendras que besarla en los labios.jpeg,1PshndH_yv6QFmQeM7sMxpx9E6X2c0Ph6,1b0FRf8BFg2fIUoIf5CeMeiQb3uDduWcZ,11nuEUoU2Or8uc0oxXLu7-k6LChk8zQNf,08 Agosto,2026-08-18,19:00,MOVE_ONLY,NO,MOVED_MANUALLY_VERIFIED,AFTER_FACEBOOK_PROGRAMMING
2608061,2608061 - Fantasma - acaso parezco alguien que quiere ser genial.jpeg,1TSf7ylzn8M14gNqUg87ARDcejBo3m6GK,1b0FRf8BFg2fIUoIf5CeMeiQb3uDduWcZ,11nuEUoU2Or8uc0oxXLu7-k6LChk8zQNf,08 Agosto,2026-08-19,11:00,MOVE_ONLY,NO,MOVED_MANUALLY_VERIFIED,AFTER_FACEBOOK_PROGRAMMING
2608031,2608031 - Maeve+Silvio - Risas falsas.jpeg,1ObiaHe3HCIXb1rAsjTm75kiE0VWkZq7f,1b0FRf8BFg2fIUoIf5CeMeiQb3uDduWcZ,11nuEUoU2Or8uc0oxXLu7-k6LChk8zQNf,08 Agosto,2026-08-19,16:00,MOVE_ONLY,NO,MOVED_MANUALLY_VERIFIED,AFTER_FACEBOOK_PROGRAMMING
2608035,2608035- Maeve - La necesidad de enloquecer.jpeg,1WBg2eRAYY-ihxyByC51lznBtdvklLA0_,1b0FRf8BFg2fIUoIf5CeMeiQb3uDduWcZ,11nuEUoU2Or8uc0oxXLu7-k6LChk8zQNf,08 Agosto,2026-08-23,10:00,MOVE_ONLY,NO,MOVED_MANUALLY_VERIFIED,AFTER_FACEBOOK_PROGRAMMING
2608040,2608040- Wilfred - el universo me susurro en sueños.jpeg,19x4tHw5kf7Bpr44GsP-iYVY_CUkKm3S0,1b0FRf8BFg2fIUoIf5CeMeiQb3uDduWcZ,11nuEUoU2Or8uc0oxXLu7-k6LChk8zQNf,08 Agosto,2026-08-19,19:00,MOVE_ONLY,NO,MOVED_MANUALLY_VERIFIED,AFTER_FACEBOOK_PROGRAMMING
2608048,2608048 - Universe - Inalcanzable para todos.jpeg,16LU5FAoBi8xydRNyAOeFZZW2Gf-0nxZR,1b0FRf8BFg2fIUoIf5CeMeiQb3uDduWcZ,11nuEUoU2Or8uc0oxXLu7-k6LChk8zQNf,08 Agosto,2026-08-24,13:30,MOVE_ONLY,NO,MOVED_MANUALLY_VERIFIED,AFTER_FACEBOOK_PROGRAMMING
2608056,2608056 - Wilfred - Analize tu contexto.jpeg,1kKQ9a_E6M-HHiqls7EjHXorRsIPzc9vj,1b0FRf8BFg2fIUoIf5CeMeiQb3uDduWcZ,11nuEUoU2Or8uc0oxXLu7-k6LChk8zQNf,08 Agosto,2026-08-20,16:00,MOVE_ONLY,NO,MOVED_MANUALLY_VERIFIED,AFTER_FACEBOOK_PROGRAMMING
2608041,2608041 - Maeve+kael - No me averguenza amar.jpeg,1w_hfeLqc6GIJMAIQxDAYhNwvGGVYW9-R,1b0FRf8BFg2fIUoIf5CeMeiQb3uDduWcZ,11nuEUoU2Or8uc0oxXLu7-k6LChk8zQNf,08 Agosto,2026-08-20,19:00,MOVE_ONLY,NO,MOVED_MANUALLY_VERIFIED,AFTER_FACEBOOK_PROGRAMMING
2607831,Universe - Existencial 2607831.png,1T4q8CIhYOt8Wl1ZsJDDWZgTW_GjAGIeA,1b0FRf8BFg2fIUoIf5CeMeiQb3uDduWcZ,11nuEUoU2Or8uc0oxXLu7-k6LChk8zQNf,08 Agosto,2026-08-25,10:00,MOVE_ONLY,NO,MOVED_MANUALLY_VERIFIED,AFTER_FACEBOOK_PROGRAMMING
2608049,2608049 - Elara - Tibio tu cafe.jpeg,1Y1UTctG6SMoUTCpThHJbPVEGXmMmOwiA,1b0FRf8BFg2fIUoIf5CeMeiQb3uDduWcZ,11nuEUoU2Or8uc0oxXLu7-k6LChk8zQNf,08 Agosto,2026-08-21,13:30,MOVE_ONLY,NO,MOVED_MANUALLY_VERIFIED,AFTER_FACEBOOK_PROGRAMMING
2608063,2608063 - Universe - Larga vida a esas mujeres.jpeg,1tqSd44quWVGE1DAxEMXubCkhwrOXIE8l,1b0FRf8BFg2fIUoIf5CeMeiQb3uDduWcZ,11nuEUoU2Or8uc0oxXLu7-k6LChk8zQNf,08 Agosto,2026-08-22,13:30,MOVE_ONLY,NO,MOVED_MANUALLY_VERIFIED,AFTER_FACEBOOK_PROGRAMMING
2608057,2608057 - Fantasma - Sabes que me caeria bien.jpeg,1yY36gmw6u7VQSEuHxsTHPtzgGd7T6T57,1b0FRf8BFg2fIUoIf5CeMeiQb3uDduWcZ,11nuEUoU2Or8uc0oxXLu7-k6LChk8zQNf,08 Agosto,2026-08-23,16:00,MOVE_ONLY,NO,MOVED_MANUALLY_VERIFIED,AFTER_FACEBOOK_PROGRAMMING
2608042,2608042 - Maeve+kael - Te quiero besiquiar.jpeg,1Ivlhuok1wM67pH_v4GKtkK3jmImgEy69,1b0FRf8BFg2fIUoIf5CeMeiQb3uDduWcZ,11nuEUoU2Or8uc0oxXLu7-k6LChk8zQNf,08 Agosto,2026-08-27,11:00,MOVE_ONLY,NO,MOVED_MANUALLY_VERIFIED,AFTER_FACEBOOK_PROGRAMMING
260661,Universe - Existencial 260661.png,17hUIV21cMGCpVTR_BcHYVk_GonanVQVi,1b0FRf8BFg2fIUoIf5CeMeiQb3uDduWcZ,11nuEUoU2Or8uc0oxXLu7-k6LChk8zQNf,08 Agosto,2026-08-24,10:00,MOVE_ONLY,NO,MOVED_MANUALLY_VERIFIED,AFTER_FACEBOOK_PROGRAMMING
2608053,2608053 - Universe - Quieras o no.jpeg,1hZbZKgRMsZ6oPmT8dwR1CCKZFMxVd9_N,1b0FRf8BFg2fIUoIf5CeMeiQb3uDduWcZ,11nuEUoU2Or8uc0oxXLu7-k6LChk8zQNf,08 Agosto,2026-08-24,17:00,MOVE_ONLY,NO,MOVED_MANUALLY_VERIFIED,AFTER_FACEBOOK_PROGRAMMING
2608045,2608045 - Kiri+Evan - No te voy a mentir.jpeg,1D1CSEnmeeJk-xhhh7lSKAj-zTnIwAw0f,1b0FRf8BFg2fIUoIf5CeMeiQb3uDduWcZ,11nuEUoU2Or8uc0oxXLu7-k6LChk8zQNf,08 Agosto,2026-08-29,10:00,MOVE_ONLY,NO,MOVED_MANUALLY_VERIFIED,AFTER_FACEBOOK_PROGRAMMING
2608062,2608062 - Kiri+Evan - prestame el marron.jpeg,10fDDVon1sa0h9fk7uVfRkNU4Wz66rpTe,1b0FRf8BFg2fIUoIf5CeMeiQb3uDduWcZ,11nuEUoU2Or8uc0oxXLu7-k6LChk8zQNf,08 Agosto,2026-08-25,16:00,MOVE_ONLY,NO,MOVED_MANUALLY_VERIFIED,AFTER_FACEBOOK_PROGRAMMING
2608043,2608043 - Maeve - No te pedi que me revivieras.jpeg,1NxhqrMWz_poAhV56UGqaOXyWzGXHYckC,1b0FRf8BFg2fIUoIf5CeMeiQb3uDduWcZ,11nuEUoU2Or8uc0oxXLu7-k6LChk8zQNf,08 Agosto,2026-08-25,19:00,MOVE_ONLY,NO,MOVED_MANUALLY_VERIFIED,AFTER_FACEBOOK_PROGRAMMING
2608065,2608065 - Fantasma - Pedazo de socrates.jpeg,19w2ShwavNcAS4YDdY7pH4XYqtktLcSN-,1b0FRf8BFg2fIUoIf5CeMeiQb3uDduWcZ,11nuEUoU2Or8uc0oxXLu7-k6LChk8zQNf,08 Agosto,2026-08-26,11:00,MOVE_ONLY,NO,MOVED_MANUALLY_VERIFIED,AFTER_FACEBOOK_PROGRAMMING
2608058,2608058 - Silvio - Tiene que dar tranquilidad.jpeg,11yMD_hL4ugmNQu0l1yAT5pHXxtZi6R1y,1b0FRf8BFg2fIUoIf5CeMeiQb3uDduWcZ,11nuEUoU2Or8uc0oxXLu7-k6LChk8zQNf,08 Agosto,2026-08-26,16:00,MOVE_ONLY,NO,MOVED_MANUALLY_VERIFIED,AFTER_FACEBOOK_PROGRAMMING
2608044,2608044 - Silvio - Sabra dios cuantos ligues.jpeg,17Xt4bM4aW8GAexJV3CsZ6YeJqNP1rzlj,1b0FRf8BFg2fIUoIf5CeMeiQb3uDduWcZ,11nuEUoU2Or8uc0oxXLu7-k6LChk8zQNf,08 Agosto,2026-08-26,19:00,MOVE_ONLY,NO,MOVED_MANUALLY_VERIFIED,AFTER_FACEBOOK_PROGRAMMING
2608064,2608064 - Universe - Quieren hacer pendejo al que nacio asi.jpeg,1pobDeNctju8fvKuMr5G_UYFP_3kZhveG,1b0FRf8BFg2fIUoIf5CeMeiQb3uDduWcZ,11nuEUoU2Or8uc0oxXLu7-k6LChk8zQNf,08 Agosto,2026-08-27,16:00,MOVE_ONLY,NO,MOVED_MANUALLY_VERIFIED,AFTER_FACEBOOK_PROGRAMMING
2608055,2608055 - Kiri - Parezco normal.jpeg,1nx_gBnzXFbrT46UYJmmJoIT5WKinULos,1b0FRf8BFg2fIUoIf5CeMeiQb3uDduWcZ,11nuEUoU2Or8uc0oxXLu7-k6LChk8zQNf,08 Agosto,2026-08-27,19:00,MOVE_ONLY,NO,MOVED_MANUALLY_VERIFIED,AFTER_FACEBOOK_PROGRAMMING
2608059,2608059 - Kael - Si la vida te da limones.jpeg,1c31wG8XsHh8nVGswAS6qgwriJtVZehnt,1b0FRf8BFg2fIUoIf5CeMeiQb3uDduWcZ,11nuEUoU2Or8uc0oxXLu7-k6LChk8zQNf,08 Agosto,2026-08-28,13:30,MOVE_ONLY,NO,MOVED_MANUALLY_VERIFIED,AFTER_FACEBOOK_PROGRAMMING
2608047,2608047 - Kael - Inolerancia a la lactosa.jpeg,1KiPl-GFZXmmNkO5uCnodg7wvOVkOTjqS,1b0FRf8BFg2fIUoIf5CeMeiQb3uDduWcZ,11nuEUoU2Or8uc0oxXLu7-k6LChk8zQNf,08 Agosto,2026-08-29,13:30,MOVE_ONLY,NO,MOVED_MANUALLY_VERIFIED,AFTER_FACEBOOK_PROGRAMMING
2608051,2608051 - Universe - Mi unico defecto es que me gusta cger.jpeg,17FdxaWOE8m35r78eIqtPzXP7YvUWn7M-,1b0FRf8BFg2fIUoIf5CeMeiQb3uDduWcZ,11nuEUoU2Or8uc0oxXLu7-k6LChk8zQNf,08 Agosto,2026-08-30,16:00,MOVE_ONLY,NO,MOVED_MANUALLY_VERIFIED,AFTER_FACEBOOK_PROGRAMMING
2608054,2608054 - Maeve - Salgamos a hablar de todo.jpeg,1CCzD_SGKVxkYvHgCitkrVOaooZimrtb-,1b0FRf8BFg2fIUoIf5CeMeiQb3uDduWcZ,11nuEUoU2Or8uc0oxXLu7-k6LChk8zQNf,08 Agosto,2026-08-30,10:00,MOVE_ONLY,NO,MOVED_MANUALLY_VERIFIED,AFTER_FACEBOOK_PROGRAMMING
260646,260646 - No sean asi.. (14-jun-26).png,1uEnhVN6M0LLIreuZTJdsIKkNkmyiCI3T,16P130zWhuFn4ejzkr6VlX9GFA_Ule83k,11nuEUoU2Or8uc0oxXLu7-k6LChk8zQNf,08 Agosto,2026-08-18,10:00,MOVE_ONLY,NO,MOVED_MANUALLY_VERIFIED,AFTER_FACEBOOK_PROGRAMMING
260735,260735 - Universe - dentro de ti hay dos payasos (10-jun-26).png,1ZmJrhaJFpF3_R9prrCV6u8wyOt9GkWH0,16P130zWhuFn4ejzkr6VlX9GFA_Ule83k,11nuEUoU2Or8uc0oxXLu7-k6LChk8zQNf,08 Agosto,2026-08-18,13:30,MOVE_ONLY,NO,MOVED_MANUALLY_VERIFIED,AFTER_FACEBOOK_PROGRAMMING
260733,260733 - Evan - Yo aura fuerte (10-jun-26).png,1H5FGtTmz9rJtVWZqzmyR12gnb7LlBDUO,16P130zWhuFn4ejzkr6VlX9GFA_Ule83k,11nuEUoU2Or8uc0oxXLu7-k6LChk8zQNf,08 Agosto,2026-08-19,17:00,MOVE_ONLY,NO,MOVED_MANUALLY_VERIFIED,AFTER_FACEBOOK_PROGRAMMING
2607794,2607794 - Universe - Aver.. A ver... (22-jun-26).png,1NzGQgxa38avO_jp14x7eRTzoaRutv9IW,16P130zWhuFn4ejzkr6VlX9GFA_Ule83k,11nuEUoU2Or8uc0oxXLu7-k6LChk8zQNf,08 Agosto,2026-08-20,10:00,MOVE_ONLY,NO,MOVED_MANUALLY_VERIFIED,AFTER_FACEBOOK_PROGRAMMING
2607838,2607838 - Dios - Quien me creo a mi (29-jun-26).png,19Yk1HkueUl4HSZPS2ruxj_AFYEDFO4P0,16P130zWhuFn4ejzkr6VlX9GFA_Ule83k,11nuEUoU2Or8uc0oxXLu7-k6LChk8zQNf,08 Agosto,2026-08-21,10:00,MOVE_ONLY,NO,MOVED_MANUALLY_VERIFIED,AFTER_FACEBOOK_PROGRAMMING
260757,260757 - Maeve - Estas seguro¿ (14-jun-26).png,1P8GwAgZGb_zvyJv2mdYYBFcj32JFbo0T,16P130zWhuFn4ejzkr6VlX9GFA_Ule83k,11nuEUoU2Or8uc0oxXLu7-k6LChk8zQNf,08 Agosto,2026-08-23,19:00,MOVE_ONLY,NO,MOVED_MANUALLY_VERIFIED,AFTER_FACEBOOK_PROGRAMMING
2607825,2607825 - Kael - Ser el malo de la historia (28-jun-26).png,1sJxr-1-NnLFn4Q2Tl1lUB-_QJQmUB5n3,16P130zWhuFn4ejzkr6VlX9GFA_Ule83k,11nuEUoU2Or8uc0oxXLu7-k6LChk8zQNf,08 Agosto,2026-08-24,19:00,MOVE_ONLY,NO,MOVED_MANUALLY_VERIFIED,AFTER_FACEBOOK_PROGRAMMING
2607792,2607792 - fantasma+Universe - El gato ;o (21-jun-26).jpeg,1dYQ2ymvaqEC3P1S96TqrFBOXexYXDT8E,16P130zWhuFn4ejzkr6VlX9GFA_Ule83k,11nuEUoU2Or8uc0oxXLu7-k6LChk8zQNf,08 Agosto,2026-08-25,13:30,MOVE_ONLY,NO,MOVED_MANUALLY_VERIFIED,AFTER_FACEBOOK_PROGRAMMING
260571,260571 - Kiri.png,1l8b7NwW2kZfC8TnG3OGlEWRCGOpaa6q7,152ylWM4aSBy0F1yNVVh1s0gT9MDp8wJF,11nuEUoU2Or8uc0oxXLu7-k6LChk8zQNf,08 Agosto,2026-08-27,10:00,MOVE_ONLY,NO,MOVED_MANUALLY_VERIFIED,AFTER_FACEBOOK_PROGRAMMING
260550,260550 - Universe.png,16P7UK_3ecK9PFc7uyemgp4OuuQEBXk81,152ylWM4aSBy0F1yNVVh1s0gT9MDp8wJF,11nuEUoU2Or8uc0oxXLu7-k6LChk8zQNf,08 Agosto,2026-08-28,11:00,MOVE_ONLY,NO,MOVED_MANUALLY_VERIFIED,AFTER_FACEBOOK_PROGRAMMING
260617,260617 - Elara+Kael.png,1xcQiKkH9NfgBoVrRfLmdhSBV2ShoXMq3,152ylWM4aSBy0F1yNVVh1s0gT9MDp8wJF,11nuEUoU2Or8uc0oxXLu7-k6LChk8zQNf,08 Agosto,2026-08-30,19:00,MOVE_ONLY,NO,MOVED_MANUALLY_VERIFIED,AFTER_FACEBOOK_PROGRAMMING
