Publicacion_ID,ID_Pieza,Asset_Ref,Plataforma,Cuenta_ID,Fecha_Planeada_Local,Hora_Planeada_Local,Fecha_Publicacion_Local,Hora_Publicacion_Local,Meta_Post_ID,Meta_Photo_ID,IG_Container_ID,IG_Media_ID,Permalink,Estado_Publicacion,Eliminada,Drive_Archivado,Experiment_ID,Hypothesis_ID,Interacciones_24h,Interacciones_72h,Notas,Fuente
PUB-FB-15_16-01,CNT-031,2608030 - Universe - Que fibra tomas pa cagarla tanto.jpeg,Facebook,1036844829507460,2026-08-15,10:00,2026-08-15,10:00:22,1036844829507460_122150559441072582,122150559393072582,,,https://www.facebook.com/122146890051072582/posts/122150559441072582,Publicado,No,"08 Agosto — original movido, sin copia",EXP-2026-08-CAL-01,HB-003|HB-004|HB-005,,,Facebook publicado y confirmado vía Meta Graph API v26; reconciliado con CNT-031; métricas 24/72h pendientes.,Operations/Research/2026-08-15_Calendario_15_16_Agosto.csv
PUB-FB-15_16-02,CNT-032,260583 - Universe.png,Facebook,1036844829507460,2026-08-15,11:00,2026-08-15,11:00:05,1036844829507460_122150559591072582,122150559555072582,,,https://www.facebook.com/122146890051072582/posts/122150559591072582,Publicado,No,"08 Agosto — original movido, sin copia",EXP-2026-08-CAL-01,HB-003|HB-004|HB-005,,,Facebook publicado y confirmado vía Meta Graph API v26; reconciliado con CNT-032; métricas 24/72h pendientes.,Operations/Research/2026-08-15_Calendario_15_16_Agosto.csv
PUB-IG-TEST-02,CNT-032,260583 - Universe.png,Instagram,17841462696378190,2026-08-15,11:00,2026-08-14T23:19:29-06:00,,,,17976335523089880,18105410684129991,https://www.instagram.com/p/DcDHxq5AMHh/,Eliminada_Manualmente,Sí,"08 Agosto — original movido, sin copia",EXP-2026-08-IG-TEST-01,,,,Prueba controlada publicada y eliminada manualmente; reconciliada con CNT-032; prohibida la republicación automática.,Operations/Research/2026-08-15_Calendario_15_16_Agosto.csv
PUB-FB-15_16-03,CNT-033,2608033 - Fantasma - vendra primero mi boda o jesus.jpeg,Facebook,1036844829507460,2026-08-15,13:30,2026-08-15,13:30:00,1036844829507460_122150559693072582,122150559639072582,,,https://www.facebook.com/122146890051072582/posts/122150559693072582,Publicado,No,"08 Agosto — original movido, sin copia",EXP-2026-08-CAL-01,HB-003|HB-004|HB-005,,,Facebook publicado y confirmado vía Meta Graph API v26; reconciliado con CNT-033; métricas 24/72h pendientes.,Operations/Research/2026-08-15_Calendario_15_16_Agosto.csv
PUB-FB-15_16-04,CNT-034,260539 - Evan+Kiri.png,Facebook,1036844829507460,2026-08-15,19:00,2026-08-15,19:00:00,1036844829507460_122150559765072582,122150559729072582,,,https://www.facebook.com/122146890051072582/posts/122150559765072582,Publicado,No,"08 Agosto — original movido, sin copia",EXP-2026-08-CAL-01,HB-003|HB-004|HB-005,,,Facebook publicado y confirmado vía Meta Graph API v26; reconciliado con CNT-034; métricas 24/72h pendientes.,Operations/Research/2026-08-15_Calendario_15_16_Agosto.csv
PUB-FB-15_16-05,CNT-035,2608037- Universe - soñe que era un litrro de agua.jpeg,Facebook,1036844829507460,2026-08-16,10:00,2026-08-16,10:00:00,1036844829507460_122150559873072582,122150559807072582,,,https://www.facebook.com/122146890051072582/posts/122150559873072582,Publicado,No,"08 Agosto — original movido, sin copia",EXP-2026-08-CAL-01,HB-003|HB-004|HB-005,,,Facebook publicado y confirmado vía Meta Graph API v26; reconciliado con CNT-035; métricas 24/72h pendientes.,Operations/Research/2026-08-15_Calendario_15_16_Agosto.csv
PUB-FB-15_16-06,CNT-036,260673 - Universe.png,Facebook,1036844829507460,2026-08-16,13:30,2026-08-16,13:30:00,1036844829507460_122150559981072582,122150559921072582,,,https://www.facebook.com/122146890051072582/posts/122150559981072582,Publicado,No,"08 Agosto — original movido, sin copia",EXP-2026-08-CAL-01,HB-003|HB-004|HB-005,,,Facebook publicado y confirmado vía Meta Graph API v26; reconciliado con CNT-036; métricas 24/72h pendientes.,Operations/Research/2026-08-15_Calendario_15_16_Agosto.csv
PUB-FB-15_16-07,CNT-037,2608036- Elara+Evan - Nadie nos soporta.jpeg,Facebook,1036844829507460,2026-08-16,16:00,2026-08-16,16:00:00,1036844829507460_122150560083072582,122150560041072582,,,https://www.facebook.com/122146890051072582/posts/122150560083072582,Publicado,No,"08 Agosto — original movido, sin copia",EXP-2026-08-CAL-01,HB-003|HB-004|HB-005,,,Facebook publicado y confirmado vía Meta Graph API v26; reconciliado con CNT-037; métricas 24/72h pendientes.,Operations/Research/2026-08-15_Calendario_15_16_Agosto.csv
PUB-FB-15_16-08,CNT-038,2608060 - Kael+Maeve - gustos salvajones.jpeg,Facebook,1036844829507460,2026-08-16,19:00,2026-08-16,19:00:00,1036844829507460_122150560215072582,122150560143072582,,,https://www.facebook.com/122146890051072582/posts/122150560215072582,Publicado,No,"08 Agosto — original movido, sin copia",EXP-2026-08-CAL-01,HB-003|HB-004|HB-005,,,Facebook publicado y confirmado vía Meta Graph API v26; reconciliado con CNT-038; métricas 24/72h pendientes.,Operations/Research/2026-08-15_Calendario_15_16_Agosto.csv
PUB-FB-15_16-09,CNT-039,humor4.16.png,Facebook,1036844829507460,2026-08-16,22:00,2026-08-16,22:00:00,1036844829507460_122150560383072582,122150560341072582,,,https://www.facebook.com/122146890051072582/posts/122150560383072582,Publicado,No,"08 Agosto — original movido, sin copia",EXP-2026-08-CAL-01,HB-003|HB-004|HB-005,,,Facebook publicado y confirmado vía Meta Graph API v26; reconciliado con CNT-039; métricas 24/72h pendientes.,Operations/Research/2026-08-15_Calendario_15_16_Agosto.csv
PUB-FB-2026-07-30-CNT002,CNT-002,,Facebook,1036844829507460,2026-07-30,,2026-07-30,08:16:47,1036844829507460_122143141185072582,,,,https://www.facebook.com/reel/911880681976378/,Publicado,No,Conjunto de producción localizado; render final no localizado,,,,,Caption: 🤭 #UniverseSentMe #WilfredUSM #humor #MercadoLibre #plush. Post de 17.39 s identificado vía Graph API.,"Meta Graph API post 1036844829507460_122143141185072582; https://www.facebook.com/reel/911880681976378/; Drive candidate set: 1ovw39lQ-DrQ8TFc8Tje_onkown_TTWAZ, 1rbYxyQoaIVLXTioJ-db1_nfDmtzCQbnN, 1cdso5Jm0aTOMcWGSB-_uDQNeOxNBS_P8"
PUB-FB-2026-08-08-CNT023,CNT-023,,Facebook,1036844829507460,,,2026-08-08,19:19:54,1036844829507460_122147352825072582,,,,https://www.facebook.com/reel/1067337609170026/,Publicado,No,Conjunto de producción localizado; 7 assets en carpeta Elara - Lampara de luna,,,,,Caption: Universe no sabe qué trae en la caja. Nunca sabe. Pero sí sabe quedarse a ver la cara que pone Elara cuando la abre. CTA LUNA. Reel ID 1067337609170026.,Meta Graph API Page feed; user-provided URL https://www.facebook.com/reel/1067337609170026/
PUB-IG-15_16-01,CNT-031,2608030 - Universe - Que fibra tomas pa cagarla tanto.jpeg,Instagram,17841462696378190,2026-08-15,10:00,2026-08-15,10:59:41,,,,18145111759484218,,Publicado,No,"08 Agosto — original movido, sin copia",EXP-2026-08-CAL-01,HB-003|HB-004|HB-005,,,Publicación manual posterior a aprobación explícita; no fue una publicación futura nativa ni una ejecución automática del scheduler; el slot original de 10:00 quedó perdido.,2026-08-15_Calendario_15_16_Agosto.csv; commit 1694b00
