Fecha,Día,Hora,Tipo_Contenido,Archivo,Estado,Contexto_Nota,Experiment_ID,Mother_Day_Check
2026-08-17,Lunes,10:00,Reuse_Top,260633 - Universe.png,Propuesto,historial mayo; revisar contexto antes de programar,EXP-2026-08-CAL-01,No_Día_de_la_Madre
2026-08-17,Lunes,11:00,Nueva,,PENDIENTE_GENERAR,Dejar vacío hasta generar y aprobar meme nuevo; no rellenar con reuse improvisado,EXP-2026-08-CAL-01,No_Día_de_la_Madre
2026-08-17,Lunes,13:30,Nueva,,PENDIENTE_GENERAR,Dejar vacío hasta generar y aprobar meme nuevo; no rellenar con reuse improvisado,EXP-2026-08-CAL-01,No_Día_de_la_Madre
2026-08-17,Lunes,16:00,Reuse_Top,260642 - Universe+Wilfred.png,Propuesto,historial mayo; revisar contexto antes de programar,EXP-2026-08-CAL-01,No_Día_de_la_Madre
2026-08-17,Lunes,17:00,Nueva,,PENDIENTE_GENERAR,Dejar vacío hasta generar y aprobar meme nuevo; no rellenar con reuse improvisado,EXP-2026-08-CAL-01,No_Día_de_la_Madre
2026-08-18,Martes,10:00,Nueva,,PENDIENTE_GENERAR,Dejar vacío hasta generar y aprobar meme nuevo; no rellenar con reuse improvisado,EXP-2026-08-CAL-01,No_Día_de_la_Madre
2026-08-18,Martes,11:00,Reuse_Top,260528 - Universe.png,Propuesto,historial mayo; revisar contexto antes de programar,EXP-2026-08-CAL-01,No_Día_de_la_Madre
2026-08-18,Martes,13:30,Nueva,,PENDIENTE_GENERAR,Dejar vacío hasta generar y aprobar meme nuevo; no rellenar con reuse improvisado,EXP-2026-08-CAL-01,No_Día_de_la_Madre
2026-08-18,Martes,16:00,Nueva,,PENDIENTE_GENERAR,Dejar vacío hasta generar y aprobar meme nuevo; no rellenar con reuse improvisado,EXP-2026-08-CAL-01,No_Día_de_la_Madre
2026-08-18,Martes,17:00,Reuse_Top,260644 - Universe.png,Propuesto,historial mayo; revisar contexto antes de programar,EXP-2026-08-CAL-01,No_Día_de_la_Madre
2026-08-19,Miércoles,10:00,Reuse_Top,260515 - Universe.png,Propuesto,historial mayo; revisar contexto antes de programar,EXP-2026-08-CAL-01,No_Día_de_la_Madre
2026-08-19,Miércoles,11:00,Nueva,,PENDIENTE_GENERAR,Dejar vacío hasta generar y aprobar meme nuevo; no rellenar con reuse improvisado,EXP-2026-08-CAL-01,No_Día_de_la_Madre
2026-08-19,Miércoles,13:30,Reuse_Top,260560 - Fantasma.png,Propuesto,historial mayo; revisar contexto antes de programar,EXP-2026-08-CAL-01,No_Día_de_la_Madre
2026-08-19,Miércoles,16:00,Nueva,,PENDIENTE_GENERAR,Dejar vacío hasta generar y aprobar meme nuevo; no rellenar con reuse improvisado,EXP-2026-08-CAL-01,No_Día_de_la_Madre
2026-08-19,Miércoles,17:00,Nueva,,PENDIENTE_GENERAR,Dejar vacío hasta generar y aprobar meme nuevo; no rellenar con reuse improvisado,EXP-2026-08-CAL-01,No_Día_de_la_Madre
2026-08-20,Jueves,10:00,Nueva,,PENDIENTE_GENERAR,Dejar vacío hasta generar y aprobar meme nuevo; no rellenar con reuse improvisado,EXP-2026-08-CAL-01,No_Día_de_la_Madre
2026-08-20,Jueves,11:00,Nueva,,PENDIENTE_GENERAR,Dejar vacío hasta generar y aprobar meme nuevo; no rellenar con reuse improvisado,EXP-2026-08-CAL-01,No_Día_de_la_Madre
2026-08-20,Jueves,13:30,Reuse_Top,260659 - Universe.png,Propuesto,historial mayo; revisar contexto antes de programar,EXP-2026-08-CAL-01,No_Día_de_la_Madre
2026-08-20,Jueves,16:00,Reuse_Top,260508 - Universe.jpg,Propuesto,historial mayo; revisar contexto antes de programar,EXP-2026-08-CAL-01,No_Día_de_la_Madre
2026-08-20,Jueves,17:00,Nueva,,PENDIENTE_GENERAR,Dejar vacío hasta generar y aprobar meme nuevo; no rellenar con reuse improvisado,EXP-2026-08-CAL-01,No_Día_de_la_Madre
2026-08-21,Viernes,10:00,Nueva,,PENDIENTE_GENERAR,Dejar vacío hasta generar y aprobar meme nuevo; no rellenar con reuse improvisado,EXP-2026-08-CAL-01,No_Día_de_la_Madre
2026-08-21,Viernes,11:00,Reuse_Top,260635 - Universe.png,Propuesto,historial mayo; revisar contexto antes de programar,EXP-2026-08-CAL-01,No_Día_de_la_Madre
2026-08-21,Viernes,13:30,Nueva,,PENDIENTE_GENERAR,Dejar vacío hasta generar y aprobar meme nuevo; no rellenar con reuse improvisado,EXP-2026-08-CAL-01,No_Día_de_la_Madre
2026-08-21,Viernes,16:00,Nueva,,PENDIENTE_GENERAR,Dejar vacío hasta generar y aprobar meme nuevo; no rellenar con reuse improvisado,EXP-2026-08-CAL-01,No_Día_de_la_Madre
2026-08-21,Viernes,17:00,Reuse_Top,260614 - Universe.png,Propuesto,historial mayo; revisar contexto antes de programar,EXP-2026-08-CAL-01,No_Día_de_la_Madre
2026-08-22,Sábado,10:00,Reuse_Top,260589.png,Propuesto,copy breve/neutral; no asignar como buenos días,EXP-2026-08-CAL-01,No_Día_de_la_Madre
2026-08-22,Sábado,11:00,Nueva,,PENDIENTE_GENERAR,Dejar vacío hasta generar y aprobar meme nuevo; no rellenar con reuse improvisado,EXP-2026-08-CAL-01,No_Día_de_la_Madre
2026-08-22,Sábado,13:30,Nueva,,PENDIENTE_GENERAR,Dejar vacío hasta generar y aprobar meme nuevo; no rellenar con reuse improvisado,EXP-2026-08-CAL-01,No_Día_de_la_Madre
2026-08-22,Sábado,19:00,Reuse_Top,260510 - Universe.png,Propuesto,conversación nocturna; reservar para tarde/noche,EXP-2026-08-CAL-01,No_Día_de_la_Madre
2026-08-23,Domingo,10:00,Nueva,,PENDIENTE_GENERAR,Dejar vacío hasta generar y aprobar meme nuevo; no rellenar con reuse improvisado,EXP-2026-08-CAL-01,No_Día_de_la_Madre
2026-08-23,Domingo,13:30,Reuse_Top,Universe - Existencial 260508.png,Propuesto,historial mayo; revisar contexto antes de programar,EXP-2026-08-CAL-01,No_Día_de_la_Madre
2026-08-23,Domingo,16:00,Nueva,,PENDIENTE_GENERAR,Dejar vacío hasta generar y aprobar meme nuevo; no rellenar con reuse improvisado,EXP-2026-08-CAL-01,No_Día_de_la_Madre
2026-08-23,Domingo,19:00,Nueva,,PENDIENTE_GENERAR,Dejar vacío hasta generar y aprobar meme nuevo; no rellenar con reuse improvisado,EXP-2026-08-CAL-01,No_Día_de_la_Madre
2026-08-23,Domingo,22:00,Reuse_Top,260625.png,Propuesto,historial mayo; revisar contexto antes de programar,EXP-2026-08-CAL-01,No_Día_de_la_Madre
2026-08-24,Lunes,10:00,Reuse_Top,260518 - Kael.png,Propuesto,historial mayo; revisar contexto antes de programar,EXP-2026-08-CAL-01,No_Día_de_la_Madre
2026-08-24,Lunes,11:00,Nueva,,PENDIENTE_GENERAR,Dejar vacío hasta generar y aprobar meme nuevo; no rellenar con reuse improvisado,EXP-2026-08-CAL-01,No_Día_de_la_Madre
2026-08-24,Lunes,13:30,Nueva,,PENDIENTE_GENERAR,Dejar vacío hasta generar y aprobar meme nuevo; no rellenar con reuse improvisado,EXP-2026-08-CAL-01,No_Día_de_la_Madre
2026-08-24,Lunes,16:00,Reuse_Top,260607 - Universe.png,Propuesto,historial mayo; revisar contexto antes de programar,EXP-2026-08-CAL-01,No_Día_de_la_Madre
2026-08-24,Lunes,17:00,Nueva,,PENDIENTE_GENERAR,Dejar vacío hasta generar y aprobar meme nuevo; no rellenar con reuse improvisado,EXP-2026-08-CAL-01,No_Día_de_la_Madre
2026-08-25,Martes,10:00,Nueva,,PENDIENTE_GENERAR,Dejar vacío hasta generar y aprobar meme nuevo; no rellenar con reuse improvisado,EXP-2026-08-CAL-01,No_Día_de_la_Madre
2026-08-25,Martes,11:00,Reuse_Top,Universe - Existencial 622.png,Propuesto,historial mayo; revisar contexto antes de programar,EXP-2026-08-CAL-01,No_Día_de_la_Madre
2026-08-25,Martes,13:30,Nueva,,PENDIENTE_GENERAR,Dejar vacío hasta generar y aprobar meme nuevo; no rellenar con reuse improvisado,EXP-2026-08-CAL-01,No_Día_de_la_Madre
2026-08-25,Martes,16:00,Nueva,,PENDIENTE_GENERAR,Dejar vacío hasta generar y aprobar meme nuevo; no rellenar con reuse improvisado,EXP-2026-08-CAL-01,No_Día_de_la_Madre
2026-08-25,Martes,17:00,Reuse_Top,260613 - Wilfred.png,Propuesto,historial mayo; revisar contexto antes de programar,EXP-2026-08-CAL-01,No_Día_de_la_Madre
2026-08-26,Miércoles,10:00,Reuse_Top,260620 - Fantasma.png,Propuesto,historial mayo; revisar contexto antes de programar,EXP-2026-08-CAL-01,No_Día_de_la_Madre
2026-08-26,Miércoles,11:00,Nueva,,PENDIENTE_GENERAR,Dejar vacío hasta generar y aprobar meme nuevo; no rellenar con reuse improvisado,EXP-2026-08-CAL-01,No_Día_de_la_Madre
2026-08-26,Miércoles,13:30,Reuse_Top,260540 - Elara.png,Propuesto,historial mayo; revisar contexto antes de programar,EXP-2026-08-CAL-01,No_Día_de_la_Madre
2026-08-26,Miércoles,16:00,Nueva,,PENDIENTE_GENERAR,Dejar vacío hasta generar y aprobar meme nuevo; no rellenar con reuse improvisado,EXP-2026-08-CAL-01,No_Día_de_la_Madre
2026-08-26,Miércoles,17:00,Nueva,,PENDIENTE_GENERAR,Dejar vacío hasta generar y aprobar meme nuevo; no rellenar con reuse improvisado,EXP-2026-08-CAL-01,No_Día_de_la_Madre
2026-08-27,Jueves,10:00,Nueva,,PENDIENTE_GENERAR,Dejar vacío hasta generar y aprobar meme nuevo; no rellenar con reuse improvisado,EXP-2026-08-CAL-01,No_Día_de_la_Madre
2026-08-27,Jueves,11:00,Nueva,,PENDIENTE_GENERAR,Dejar vacío hasta generar y aprobar meme nuevo; no rellenar con reuse improvisado,EXP-2026-08-CAL-01,No_Día_de_la_Madre
2026-08-27,Jueves,13:30,Reuse_Top,260573 - Universe.png,Propuesto,historial mayo; revisar contexto antes de programar,EXP-2026-08-CAL-01,No_Día_de_la_Madre
2026-08-27,Jueves,16:00,Reuse_Top,260542 - Universe.png,Propuesto,historial mayo; revisar contexto antes de programar,EXP-2026-08-CAL-01,No_Día_de_la_Madre
2026-08-27,Jueves,17:00,Nueva,,PENDIENTE_GENERAR,Dejar vacío hasta generar y aprobar meme nuevo; no rellenar con reuse improvisado,EXP-2026-08-CAL-01,No_Día_de_la_Madre
2026-08-28,Viernes,10:00,Reuse_Top,260527 - Universe.png,Propuesto,historial mayo; revisar contexto antes de programar,EXP-2026-08-CAL-01,No_Día_de_la_Madre
2026-08-28,Viernes,11:00,Reuse_Top,260543 - Evan.png,Propuesto,historial mayo; revisar contexto antes de programar,EXP-2026-08-CAL-01,No_Día_de_la_Madre
2026-08-28,Viernes,13:30,Reuse_Top,260590 - Maeve.png,Propuesto,historial mayo; revisar contexto antes de programar,EXP-2026-08-CAL-01,No_Día_de_la_Madre
2026-08-28,Viernes,16:00,Reuse_Top,260673 - Universe.png,Propuesto,humor absurdo; flexible,EXP-2026-08-CAL-01,No_Día_de_la_Madre
2026-08-28,Viernes,17:00,Reuse_Top,Universe - Existencial 260507.png,Propuesto,frase romántica; preferir tarde/noche,EXP-2026-08-CAL-01,No_Día_de_la_Madre
2026-08-29,Sábado,10:00,Reuse_Top,741 - Elara+Maeve.png,Propuesto,historial mayo; revisar contexto antes de programar,EXP-2026-08-CAL-01,No_Día_de_la_Madre
2026-08-29,Sábado,11:00,Reuse_Top,260663 - Kiri.png,Propuesto,historial mayo; revisar contexto antes de programar,EXP-2026-08-CAL-01,No_Día_de_la_Madre
2026-08-29,Sábado,13:30,Reuse_Top,260583 - Universe.png,Propuesto,humor afectivo; flexible,EXP-2026-08-CAL-01,No_Día_de_la_Madre
2026-08-29,Sábado,19:00,Reuse_Top,260559 - Universe.png,Propuesto,historial mayo; revisar contexto antes de programar,EXP-2026-08-CAL-01,No_Día_de_la_Madre
2026-08-30,Domingo,10:00,Reuse_Top,260563.png,Propuesto,historial mayo; revisar contexto antes de programar,EXP-2026-08-CAL-01,No_Día_de_la_Madre
2026-08-30,Domingo,13:30,Reuse_Top,260650 - Universe.png,Propuesto,historial mayo; revisar contexto antes de programar,EXP-2026-08-CAL-01,No_Día_de_la_Madre
2026-08-30,Domingo,16:00,Reuse_Top,260514 - Que feo fingir que estas bien.png,Propuesto,frase emocional; flexible,EXP-2026-08-CAL-01,No_Día_de_la_Madre
2026-08-30,Domingo,19:00,Reuse_Top,260539 - Evan+Kiri.png,Propuesto,contexto romántico/sexualizado; preferir tarde/noche,EXP-2026-08-CAL-01,No_Día_de_la_Madre
2026-08-30,Domingo,22:00,Reuse_Top,humor4.16.png,Propuesto,contexto sexualizado; preferir 22:00,EXP-2026-08-CAL-01,No_Día_de_la_Madre
