Alias_ID,Asset_Key,Inventory_ID,Inventory_Asset_Ref,Inventory_Asset_Filename,Drive_ID,Publication_ID,Publication_Asset_Ref,Plataforma,Meta_Post_ID,Meta_Photo_ID,Permalink,Fecha_Planeada_Local,Hora_Planeada_Local,Fecha_Publicacion_Local,Hora_Publicacion_Local,Estado_Publicacion,Match_Method,Confidence,Source,Notes
ALIAS-0001,2608030,CNT-031,2608030 - Universe - Que fibra tomas pa cagarla tanto.jpeg,2608030 - Universe - Que fibra tomas pa cagarla tanto.jpeg,1qiqa3QReNG3HuholxQsepFN9eDMZTY0c,PUB-FB-15_16-01,2608030 - Universe - Que fibra tomas pa cagarla tanto.jpeg,Facebook,1036844829507460_122150559441072582,122150559393072582,https://www.facebook.com/122146890051072582/posts/122150559441072582,2026-08-15,10:00,2026-08-15,10:00:22,Publicado,Normalized_numeric_asset_key,High,Content_Inventory.csv + Publication_Log.csv,Exact numeric asset key shared by Publication Log and Content Inventory; no CNT inferred.
ALIAS-0002,260583,CNT-032,260583 - Universe.png,260583 - Universe.png,1LP2gRjhajrtuVuMp7nDtgPQnGs_UVQvc,PUB-FB-15_16-02,260583 - Universe.png,Facebook,1036844829507460_122150559591072582,122150559555072582,https://www.facebook.com/122146890051072582/posts/122150559591072582,2026-08-15,11:00,2026-08-15,11:00:05,Publicado,Normalized_numeric_asset_key,High,Content_Inventory.csv + Publication_Log.csv,Exact numeric asset key shared by Publication Log and Content Inventory; no CNT inferred.
ALIAS-0003,260583,CNT-032,260583 - Universe.png,260583 - Universe.png,1LP2gRjhajrtuVuMp7nDtgPQnGs_UVQvc,PUB-IG-TEST-02,260583 - Universe.png,Instagram,,,https://www.instagram.com/p/DcDHxq5AMHh/,2026-08-15,11:00,2026-08-14T23:19:29-06:00,,Eliminada_Manualmente,Normalized_numeric_asset_key,High,Content_Inventory.csv + Publication_Log.csv,Exact numeric asset key shared by Publication Log and Content Inventory; no CNT inferred.
ALIAS-0004,2608033,CNT-033,2608033 - Fantasma - vendra primero mi boda o jesus.jpeg,2608033 - Fantasma - vendra primero mi boda o jesus.jpeg,1BPIL_PlooeaozXKFQASEBKBG6XS6QOsX,PUB-FB-15_16-03,2608033 - Fantasma - vendra primero mi boda o jesus.jpeg,Facebook,1036844829507460_122150559693072582,122150559639072582,https://www.facebook.com/122146890051072582/posts/122150559693072582,2026-08-15,13:30,2026-08-15,13:30:00,Publicado,Normalized_numeric_asset_key,High,Content_Inventory.csv + Publication_Log.csv,Exact numeric asset key shared by Publication Log and Content Inventory; no CNT inferred.
ALIAS-0005,260539,CNT-034,260539 - Evan+Kiri.png,260539 - Evan+Kiri.png,1KNu65N-ND9fNJhgLQXbebMGgLvYCSSei,PUB-FB-15_16-04,260539 - Evan+Kiri.png,Facebook,1036844829507460_122150559765072582,122150559729072582,https://www.facebook.com/122146890051072582/posts/122150559765072582,2026-08-15,19:00,2026-08-15,19:00:00,Publicado,Normalized_numeric_asset_key,High,Content_Inventory.csv + Publication_Log.csv,Exact numeric asset key shared by Publication Log and Content Inventory; no CNT inferred.
ALIAS-0006,2608037,CNT-035,2608037- Universe - soñe que era un litrro de agua.jpeg,2608037- Universe - soñe que era un litrro de agua.jpeg,1crVxp8PdaxYw2cy3tb5QQi_dSuxI9aYa,PUB-FB-15_16-05,2608037- Universe - soñe que era un litrro de agua.jpeg,Facebook,1036844829507460_122150559873072582,122150559807072582,https://www.facebook.com/122146890051072582/posts/122150559873072582,2026-08-16,10:00,2026-08-16,10:00:00,Publicado,Normalized_numeric_asset_key,High,Content_Inventory.csv + Publication_Log.csv,Exact numeric asset key shared by Publication Log and Content Inventory; no CNT inferred.
ALIAS-0007,260673,CNT-036,260673 - Universe.png,260673 - Universe.png,1zBODSIjUwzVgHWd7K08alMucWq4RvuO5,PUB-FB-15_16-06,260673 - Universe.png,Facebook,1036844829507460_122150559981072582,122150559921072582,https://www.facebook.com/122146890051072582/posts/122150559981072582,2026-08-16,13:30,2026-08-16,13:30:00,Publicado,Normalized_numeric_asset_key,High,Content_Inventory.csv + Publication_Log.csv,Exact numeric asset key shared by Publication Log and Content Inventory; no CNT inferred.
ALIAS-0008,2608036,CNT-037,2608036- Elara+Evan - Nadie nos soporta.jpeg,2608036- Elara+Evan - Nadie nos soporta.jpeg,1dM9LAsLF04If5MY3azfiFkIiUeLn-rBD,PUB-FB-15_16-07,2608036- Elara+Evan - Nadie nos soporta.jpeg,Facebook,1036844829507460_122150560083072582,122150560041072582,https://www.facebook.com/122146890051072582/posts/122150560083072582,2026-08-16,16:00,2026-08-16,16:00:00,Publicado,Normalized_numeric_asset_key,High,Content_Inventory.csv + Publication_Log.csv,Exact numeric asset key shared by Publication Log and Content Inventory; no CNT inferred.
ALIAS-0009,2608060,CNT-038,2608060 - Kael+Maeve - gustos salvajones.jpeg,2608060 - Kael+Maeve - gustos salvajones.jpeg,1FaRLXsAkB7pS67-w1pN4o6yDQcWyDh2l,PUB-FB-15_16-08,2608060 - Kael+Maeve - gustos salvajones.jpeg,Facebook,1036844829507460_122150560215072582,122150560143072582,https://www.facebook.com/122146890051072582/posts/122150560215072582,2026-08-16,19:00,2026-08-16,19:00:00,Publicado,Normalized_numeric_asset_key,High,Content_Inventory.csv + Publication_Log.csv,Exact numeric asset key shared by Publication Log and Content Inventory; no CNT inferred.
ALIAS-0010,,,,,,PUB-FB-15_16-09,humor4.16.png,Facebook,1036844829507460_122150560383072582,122150560341072582,https://www.facebook.com/122146890051072582/posts/122150560383072582,2026-08-16,22:00,2026-08-16,22:00:00,Publicado,No_inventory_match,Review,Content_Inventory.csv + Publication_Log.csv,No matching inventory row by normalized numeric key; preserve as alias gap and do not create CNT.
ALIAS-0011,,,,,,PUB-FB-2026-07-30-CNT002,,Facebook,1036844829507460_122143141185072582,,https://www.facebook.com/reel/911880681976378/,2026-07-30,,2026-07-30,08:16:47,Publicado,No_inventory_match,Review,Content_Inventory.csv + Publication_Log.csv,No matching inventory row by normalized numeric key; preserve as alias gap and do not create CNT.
ALIAS-0012,,,,,,PUB-FB-2026-08-08-CNT023,,Facebook,1036844829507460_122147352825072582,,https://www.facebook.com/reel/1067337609170026/,,,2026-08-08,19:19:54,Publicado,No_inventory_match,Review,Content_Inventory.csv + Publication_Log.csv,No matching inventory row by normalized numeric key; preserve as alias gap and do not create CNT.
ALIAS-0013,2608030,CNT-031,2608030 - Universe - Que fibra tomas pa cagarla tanto.jpeg,2608030 - Universe - Que fibra tomas pa cagarla tanto.jpeg,1qiqa3QReNG3HuholxQsepFN9eDMZTY0c,PUB-IG-15_16-01,2608030 - Universe - Que fibra tomas pa cagarla tanto.jpeg,Instagram,,,,2026-08-15,10:00,2026-08-15,10:59:41,Publicado,Normalized_numeric_asset_key,High,Content_Inventory.csv + Publication_Log.csv,Exact numeric asset key shared by Publication Log and Content Inventory; no CNT inferred.
ALIAS-0014,260633,CNT-062,260633,260633 - Universe.png,1c9vwjclQZ6k-4kkgyMCpV17pnrWzHx9O,PUB-FB-17_30-01,260633 - Universe.png,Facebook,1036844829507460_122151373701072582,122151373677072582,https://www.facebook.com/122146890051072582/posts/122151373701072582,2026-08-17,10:00,,,Programada,Normalized_numeric_asset_key,High,Content_Inventory.csv + Publication_Log.csv,Exact numeric asset key shared by Publication Log and Content Inventory; no CNT inferred.
ALIAS-0015,2608028,,,,,PUB-FB-17_30-02,2608028 - Universe -  El amor esta en todos lados.png,Facebook,1036844829507460_122151373761072582,122151373737072582,https://www.facebook.com/122146890051072582/posts/122151373761072582,2026-08-17,11:00,,,Programada,No_inventory_match,Review,Content_Inventory.csv + Publication_Log.csv,No matching inventory row by normalized numeric key; preserve as alias gap and do not create CNT.
ALIAS-0016,2608034,,,,,PUB-FB-17_30-03,2608034- Elara - uno debe ser chismoso.jpeg,Facebook,1036844829507460_122151373833072582,122151373797072582,https://www.facebook.com/122146890051072582/posts/122151373833072582,2026-08-17,13:30,,,Programada,No_inventory_match,Review,Content_Inventory.csv + Publication_Log.csv,No matching inventory row by normalized numeric key; preserve as alias gap and do not create CNT.
ALIAS-0017,260642,CNT-064,260642,260642 - Universe+Wilfred.png,1JD8VkU9IsOZZAZiqwrPDGnJQuVEC5Efj,PUB-FB-17_30-04,260642 - Universe+Wilfred.png,Facebook,1036844829507460_122151373893072582,122151373863072582,https://www.facebook.com/122146890051072582/posts/122151373893072582,2026-08-17,16:00,,,Programada,Normalized_numeric_asset_key,High,Content_Inventory.csv + Publication_Log.csv,Exact numeric asset key shared by Publication Log and Content Inventory; no CNT inferred.
ALIAS-0018,2608027,,,,,PUB-FB-17_30-05,2608027.jpeg,Facebook,1036844829507460_122151373953072582,122151373917072582,https://www.facebook.com/122146890051072582/posts/122151373953072582,2026-08-17,17:00,,,Programada,No_inventory_match,Review,Content_Inventory.csv + Publication_Log.csv,No matching inventory row by normalized numeric key; preserve as alias gap and do not create CNT.
ALIAS-0019,2608029,,,,,PUB-FB-17_30-06,2608029 - Wilfred - Quiero loquiar.jpeg,Facebook,1036844829507460_122151374019072582,122151373983072582,https://www.facebook.com/122146890051072582/posts/122151374019072582,2026-08-17,19:00,,,Programada,No_inventory_match,Review,Content_Inventory.csv + Publication_Log.csv,No matching inventory row by normalized numeric key; preserve as alias gap and do not create CNT.
ALIAS-0020,260646,,,,,PUB-FB-17_30-07,260646 - No sean asi.. (14-jun-26).png,Facebook,1036844829507460_122151374085072582,122151374055072582,https://www.facebook.com/122146890051072582/posts/122151374085072582,2026-08-18,10:00,,,Programada,No_inventory_match,Review,Content_Inventory.csv + Publication_Log.csv,No matching inventory row by normalized numeric key; preserve as alias gap and do not create CNT.
ALIAS-0021,2608046,,,,,PUB-FB-17_30-08,2608046 - Universe - Mis firmas no se parecen.jpeg,Facebook,1036844829507460_122151374157072582,122151374121072582,https://www.facebook.com/122146890051072582/posts/122151374157072582,2026-08-18,11:00,,,Programada,No_inventory_match,Review,Content_Inventory.csv + Publication_Log.csv,No matching inventory row by normalized numeric key; preserve as alias gap and do not create CNT.
ALIAS-0022,260735,CNT-073,260735,260735 - Universe - dentro de ti hay dos payasos (10-jun-26).png,1ZmJrhaJFpF3_R9prrCV6u8wyOt9GkWH0,PUB-FB-17_30-09,260735 - Universe - dentro de ti hay dos payasos (10-jun-26).png,Facebook,1036844829507460_122151374217072582,122151374193072582,https://www.facebook.com/122146890051072582/posts/122151374217072582,2026-08-18,13:30,,,Programada,Normalized_numeric_asset_key,High,Content_Inventory.csv + Publication_Log.csv,Exact numeric asset key shared by Publication Log and Content Inventory; no CNT inferred.
ALIAS-0023,2608052,,,,,PUB-FB-17_30-10,2608052 - Evan - Yo confiando en Google Maps.jpeg,Facebook,1036844829507460_122151374289072582,122151374253072582,https://www.facebook.com/122146890051072582/posts/122151374289072582,2026-08-18,16:00,,,Programada,No_inventory_match,Review,Content_Inventory.csv + Publication_Log.csv,No matching inventory row by normalized numeric key; preserve as alias gap and do not create CNT.
ALIAS-0024,260644,CNT-065,260644,260644 - Universe.png,1pYa6y0UodlQ00lmGozoCkne19pmKByiw,PUB-FB-17_30-11,260644 - Universe.png,Facebook,1036844829507460_122151374367072582,122151374337072582,https://www.facebook.com/122146890051072582/posts/122151374367072582,2026-08-18,17:00,,,Programada,Normalized_numeric_asset_key,High,Content_Inventory.csv + Publication_Log.csv,Exact numeric asset key shared by Publication Log and Content Inventory; no CNT inferred.
ALIAS-0025,2608032,,,,,PUB-FB-17_30-12,2608032 - Kiri - Para romper el echizo tendras que besarla en los labios.jpeg,Facebook,1036844829507460_122151374457072582,122151374421072582,https://www.facebook.com/122146890051072582/posts/122151374457072582,2026-08-18,19:00,,,Programada,No_inventory_match,Review,Content_Inventory.csv + Publication_Log.csv,No matching inventory row by normalized numeric key; preserve as alias gap and do not create CNT.
ALIAS-0026,260515,CNT-045,260515,260515 - Universe.png,1wlOLNcrP4Z-bhYq_Pp7Azgg9jWVxdzSW,PUB-FB-17_30-13,260515 - Universe.png,Facebook,1036844829507460_122151374517072582,122151374493072582,https://www.facebook.com/122146890051072582/posts/122151374517072582,2026-08-19,10:00,,,Programada,Normalized_numeric_asset_key,High,Content_Inventory.csv + Publication_Log.csv,Exact numeric asset key shared by Publication Log and Content Inventory; no CNT inferred.
ALIAS-0027,2608061,,,,,PUB-FB-17_30-14,2608061 - Fantasma - acaso parezco alguien que quiere ser genial.jpeg,Facebook,1036844829507460_122151374589072582,122151374559072582,https://www.facebook.com/122146890051072582/posts/122151374589072582,2026-08-19,11:00,,,Programada,No_inventory_match,Review,Content_Inventory.csv + Publication_Log.csv,No matching inventory row by normalized numeric key; preserve as alias gap and do not create CNT.
ALIAS-0028,260560,CNT-053,260560,260560 - Fantasma.png,1d6Dv4lz2kKTHX2Zl1M-tstOwradmhAyi,PUB-FB-17_30-15,260560 - Fantasma.png,Facebook,1036844829507460_122151374655072582,122151374631072582,https://www.facebook.com/122146890051072582/posts/122151374655072582,2026-08-19,13:30,,,Programada,Normalized_numeric_asset_key,High,Content_Inventory.csv + Publication_Log.csv,Exact numeric asset key shared by Publication Log and Content Inventory; no CNT inferred.
ALIAS-0029,2608031,,,,,PUB-FB-17_30-16,2608031 - Maeve+Silvio - Risas falsas.jpeg,Facebook,1036844829507460_122151374745072582,122151374709072582,https://www.facebook.com/122146890051072582/posts/122151374745072582,2026-08-19,16:00,,,Programada,No_inventory_match,Review,Content_Inventory.csv + Publication_Log.csv,No matching inventory row by normalized numeric key; preserve as alias gap and do not create CNT.
ALIAS-0030,260733,CNT-071,260733,260733 - Evan - Yo aura fuerte (10-jun-26).png,1H5FGtTmz9rJtVWZqzmyR12gnb7LlBDUO,PUB-FB-17_30-17,260733 - Evan - Yo aura fuerte (10-jun-26).png,Facebook,1036844829507460_122151374823072582,122151374793072582,https://www.facebook.com/122146890051072582/posts/122151374823072582,2026-08-19,17:00,,,Programada,Normalized_numeric_asset_key,High,Content_Inventory.csv + Publication_Log.csv,Exact numeric asset key shared by Publication Log and Content Inventory; no CNT inferred.
ALIAS-0031,2608040,,,,,PUB-FB-17_30-18,2608040- Wilfred - el universo me susurro en sueños.jpeg,Facebook,1036844829507460_122151374919072582,122151374877072582,https://www.facebook.com/122146890051072582/posts/122151374919072582,2026-08-19,19:00,,,Programada,No_inventory_match,Review,Content_Inventory.csv + Publication_Log.csv,No matching inventory row by normalized numeric key; preserve as alias gap and do not create CNT.
ALIAS-0032,2607794,CNT-070,2607794,2607794 - Universe - Aver.. A ver... (22-jun-26).png,1NzGQgxa38avO_jp14x7eRTzoaRutv9IW,PUB-FB-17_30-19,2607794 - Universe - Aver.. A ver... (22-jun-26).png,Facebook,1036844829507460_122151374997072582,122151374967072582,https://www.facebook.com/122146890051072582/posts/122151374997072582,2026-08-20,10:00,,,Programada,Normalized_numeric_asset_key,High,Content_Inventory.csv + Publication_Log.csv,Exact numeric asset key shared by Publication Log and Content Inventory; no CNT inferred.
ALIAS-0033,2608038,,,,,PUB-FB-17_30-20,2608038- Ganso - Mejor pudriendome en dinero.jpeg,Facebook,1036844829507460_122151375111072582,122151375045072582,https://www.facebook.com/122146890051072582/posts/122151375111072582,2026-08-20,11:00,,,Programada,No_inventory_match,Review,Content_Inventory.csv + Publication_Log.csv,No matching inventory row by normalized numeric key; preserve as alias gap and do not create CNT.
ALIAS-0034,260659,CNT-067,260659,260659 - Universe.png,1Q6tj-xKLWDPvxSsIRVPk17Q8D60LsAPK,PUB-FB-17_30-21,260659 - Universe.png,Facebook,1036844829507460_122151375189072582,122151375153072582,https://www.facebook.com/122146890051072582/posts/122151375189072582,2026-08-20,13:30,,,Programada,Normalized_numeric_asset_key,High,Content_Inventory.csv + Publication_Log.csv,Exact numeric asset key shared by Publication Log and Content Inventory; no CNT inferred.
ALIAS-0035,2608056,,,,,PUB-FB-17_30-22,2608056 - Wilfred - Analize tu contexto.jpeg,Facebook,1036844829507460_122151375303072582,122151375231072582,https://www.facebook.com/122146890051072582/posts/122151375303072582,2026-08-20,16:00,,,Programada,No_inventory_match,Review,Content_Inventory.csv + Publication_Log.csv,No matching inventory row by normalized numeric key; preserve as alias gap and do not create CNT.
ALIAS-0036,260508,CNT-042,260508,260508 - Universe.jpg,1c_AQFPbigiR39cH7f39h2MzCFvQL799b,PUB-FB-17_30-23,260508 - Universe.jpg,Facebook,1036844829507460_122151375375072582,122151375345072582,https://www.facebook.com/122146890051072582/posts/122151375375072582,2026-08-20,17:00,,,Programada,Exact_normalized_filename_and_asset_ref,High,Content_Inventory.csv + Publication_Log.csv,Validated against exact inventory filename and local evidence file; no CNT created.
ALIAS-0037,2608041,,,,,PUB-FB-17_30-24,2608041 - Maeve+kael - No me averguenza amar.jpeg,Facebook,1036844829507460_122151375465072582,122151375435072582,https://www.facebook.com/122146890051072582/posts/122151375465072582,2026-08-20,19:00,,,Programada,No_inventory_match,Review,Content_Inventory.csv + Publication_Log.csv,No matching inventory row by normalized numeric key; preserve as alias gap and do not create CNT.
ALIAS-0038,2607838,,,,,PUB-FB-17_30-25,2607838 - Dios - Quien me creo a mi (29-jun-26).png,Facebook,1036844829507460_122151375549072582,122151375525072582,https://www.facebook.com/122146890051072582/posts/122151375549072582,2026-08-21,10:00,,,Programada,No_inventory_match,Review,Content_Inventory.csv + Publication_Log.csv,No matching inventory row by normalized numeric key; preserve as alias gap and do not create CNT.
ALIAS-0039,260635,CNT-063,260635,260635 - Universe.png,1wYXYPbjEWPmXa2jazcv-q6bqoKCJfYDB,PUB-FB-17_30-26,260635 - Universe.png,Facebook,1036844829507460_122151375627072582,122151375609072582,https://www.facebook.com/122146890051072582/posts/122151375627072582,2026-08-21,11:00,,,Programada,Normalized_numeric_asset_key,High,Content_Inventory.csv + Publication_Log.csv,Exact numeric asset key shared by Publication Log and Content Inventory; no CNT inferred.
ALIAS-0040,2608049,,,,,PUB-FB-17_30-27,2608049 - Elara - Tibio tu cafe.jpeg,Facebook,1036844829507460_122151375759072582,122151375705072582,https://www.facebook.com/122146890051072582/posts/122151375759072582,2026-08-21,13:30,,,Programada,No_inventory_match,Review,Content_Inventory.csv + Publication_Log.csv,No matching inventory row by normalized numeric key; preserve as alias gap and do not create CNT.
ALIAS-0041,260614,CNT-059,260614,260614 - Universe.png,1lZsqVXERwU7mnc80wCugSkjoy2crRLiP,PUB-FB-17_30-28,260614 - Universe.png,Facebook,1036844829507460_122151375843072582,122151375801072582,https://www.facebook.com/122146890051072582/posts/122151375843072582,2026-08-21,19:00,,,Programada,Normalized_numeric_asset_key,High,Content_Inventory.csv + Publication_Log.csv,Exact numeric asset key shared by Publication Log and Content Inventory; no CNT inferred.
ALIAS-0042,2608050,,,,,PUB-FB-17_30-29,2608050 - Universe - A ponerse en forma.jpeg,Facebook,1036844829507460_122151375927072582,122151375885072582,https://www.facebook.com/122146890051072582/posts/122151375927072582,2026-08-22,10:00,,,Programada,No_inventory_match,Review,Content_Inventory.csv + Publication_Log.csv,No matching inventory row by normalized numeric key; preserve as alias gap and do not create CNT.
ALIAS-0043,260589,CNT-055,260589,260589.png,1P57uXhBNAjvuLJKH7YOARn5ggw_6efNc,PUB-FB-17_30-30,260589.png,Facebook,1036844829507460_122151376011072582,122151375969072582,https://www.facebook.com/122146890051072582/posts/122151376011072582,2026-08-22,11:00,,,Programada,Normalized_numeric_asset_key,High,Content_Inventory.csv + Publication_Log.csv,Exact numeric asset key shared by Publication Log and Content Inventory; no CNT inferred.
ALIAS-0044,2608063,,,,,PUB-FB-17_30-31,2608063 - Universe - Larga vida a esas mujeres.jpeg,Facebook,1036844829507460_122151376083072582,122151376053072582,https://www.facebook.com/122146890051072582/posts/122151376083072582,2026-08-22,13:30,,,Programada,No_inventory_match,Review,Content_Inventory.csv + Publication_Log.csv,No matching inventory row by normalized numeric key; preserve as alias gap and do not create CNT.
ALIAS-0045,260510,CNT-044,260510,260510 - Universe.png,1IN_JJXhuuswam_TjDvwHgPSeHeiT847o,PUB-FB-17_30-32,260510 - Universe.png,Facebook,1036844829507460_122151376203072582,122151376143072582,https://www.facebook.com/122146890051072582/posts/122151376203072582,2026-08-22,19:00,,,Programada,Normalized_numeric_asset_key,High,Content_Inventory.csv + Publication_Log.csv,Exact numeric asset key shared by Publication Log and Content Inventory; no CNT inferred.
ALIAS-0046,2608035,,,,,PUB-FB-17_30-33,2608035- Maeve - La necesidad de enloquecer.jpeg,Facebook,1036844829507460_122151376281072582,122151376245072582,https://www.facebook.com/122146890051072582/posts/122151376281072582,2026-08-23,10:00,,,Programada,No_inventory_match,Review,Content_Inventory.csv + Publication_Log.csv,No matching inventory row by normalized numeric key; preserve as alias gap and do not create CNT.
ALIAS-0047,260508,CNT-043,260508,Universe - Existencial 260508.png,1c_AQFPbigiR39cH7f39h2MzCFvQL799b,PUB-FB-17_30-34,Universe - Existencial 260508.png,Facebook,1036844829507460_122151376365072582,122151376329072582,https://www.facebook.com/122146890051072582/posts/122151376365072582,2026-08-23,13:30,,,Programada,Exact_normalized_filename_and_asset_ref,High,Content_Inventory.csv + Publication_Log.csv,Validated against exact inventory filename and local evidence file; no CNT created.
ALIAS-0048,2608057,,,,,PUB-FB-17_30-35,2608057 - Fantasma - Sabes que me caeria bien.jpeg,Facebook,1036844829507460_122151376455072582,122151376413072582,https://www.facebook.com/122146890051072582/posts/122151376455072582,2026-08-23,16:00,,,Programada,No_inventory_match,Review,Content_Inventory.csv + Publication_Log.csv,No matching inventory row by normalized numeric key; preserve as alias gap and do not create CNT.
ALIAS-0049,260757,,,,,PUB-FB-17_30-36,260757 - Maeve - Estas seguro¿ (14-jun-26).png,Facebook,1036844829507460_122151376539072582,122151376503072582,https://www.facebook.com/122146890051072582/posts/122151376539072582,2026-08-23,19:00,,,Programada,No_inventory_match,Review,Content_Inventory.csv + Publication_Log.csv,No matching inventory row by normalized numeric key; preserve as alias gap and do not create CNT.
ALIAS-0050,260625,CNT-061,260625,260625.png,1Mfx7HRQOxwG0DWmSzGLlEvuxUcwafynW,PUB-FB-17_30-37,260625.png,Facebook,1036844829507460_122151376629072582,122151376581072582,https://www.facebook.com/122146890051072582/posts/122151376629072582,2026-08-23,22:00,,,Programada,Normalized_numeric_asset_key,High,Content_Inventory.csv + Publication_Log.csv,Exact numeric asset key shared by Publication Log and Content Inventory; no CNT inferred.
ALIAS-0051,260661,,,,,PUB-FB-17_30-38,Universe - Existencial 260661.png,Facebook,1036844829507460_122151376695072582,122151376659072582,https://www.facebook.com/122146890051072582/posts/122151376695072582,2026-08-24,10:00,,,Programada,No_inventory_match,Review,Content_Inventory.csv + Publication_Log.csv,No matching inventory row by normalized numeric key; preserve as alias gap and do not create CNT.
ALIAS-0052,260518,CNT-046,260518,260518 - Kael.png,1Af3hrPfGipHgisKzc5KcoXSlKXZht3xj,PUB-FB-17_30-39,260518 - Kael.png,Facebook,1036844829507460_122151376773072582,122151376743072582,https://www.facebook.com/122146890051072582/posts/122151376773072582,2026-08-24,11:00,,,Programada,Normalized_numeric_asset_key,High,Content_Inventory.csv + Publication_Log.csv,Exact numeric asset key shared by Publication Log and Content Inventory; no CNT inferred.
ALIAS-0053,2608048,,,,,PUB-FB-17_30-40,2608048 - Universe - Inalcanzable para todos.jpeg,Facebook,1036844829507460_122151376851072582,122151376815072582,https://www.facebook.com/122146890051072582/posts/122151376851072582,2026-08-24,13:30,,,Programada,No_inventory_match,Review,Content_Inventory.csv + Publication_Log.csv,No matching inventory row by normalized numeric key; preserve as alias gap and do not create CNT.
ALIAS-0054,260607,CNT-057,260607,260607 - Universe.png,1BqrOOjXm26D9m-PfYSH8mhGc9Bga4z9G,PUB-FB-17_30-41,260607 - Universe.png,Facebook,1036844829507460_122151376941072582,122151376911072582,https://www.facebook.com/122146890051072582/posts/122151376941072582,2026-08-24,16:00,,,Programada,Normalized_numeric_asset_key,High,Content_Inventory.csv + Publication_Log.csv,Exact numeric asset key shared by Publication Log and Content Inventory; no CNT inferred.
ALIAS-0055,2608053,,,,,PUB-FB-17_30-42,2608053 - Universe - Quieras o no.jpeg,Facebook,1036844829507460_122151377019072582,122151376977072582,https://www.facebook.com/122146890051072582/posts/122151377019072582,2026-08-24,17:00,,,Programada,No_inventory_match,Review,Content_Inventory.csv + Publication_Log.csv,No matching inventory row by normalized numeric key; preserve as alias gap and do not create CNT.
ALIAS-0056,2607825,CNT-072,2607825,2607825 - Kael - Ser el malo de la historia (28-jun-26).png,1sJxr-1-NnLFn4Q2Tl1lUB-_QJQmUB5n3,PUB-FB-17_30-43,2607825 - Kael - Ser el malo de la historia (28-jun-26).png,Facebook,1036844829507460_122151377109072582,122151377073072582,https://www.facebook.com/122146890051072582/posts/122151377109072582,2026-08-24,19:00,,,Programada,Normalized_numeric_asset_key,High,Content_Inventory.csv + Publication_Log.csv,Exact numeric asset key shared by Publication Log and Content Inventory; no CNT inferred.
ALIAS-0057,2607831,,,,,PUB-FB-17_30-44,Universe - Existencial 2607831.png,Facebook,1036844829507460_122151377199072582,122151377157072582,https://www.facebook.com/122146890051072582/posts/122151377199072582,2026-08-25,10:00,,,Programada,No_inventory_match,Review,Content_Inventory.csv + Publication_Log.csv,No matching inventory row by normalized numeric key; preserve as alias gap and do not create CNT.
ALIAS-0058,622,CNT-040,622,Universe - Existencial 622.png,1Jo-NLnIFPqyZ0Q9DnTopxJ2b89wr8aj3,PUB-FB-17_30-45,Universe - Existencial 622.png,Facebook,1036844829507460_122151377301072582,122151377259072582,https://www.facebook.com/122146890051072582/posts/122151377301072582,2026-08-25,11:00,,,Programada,Normalized_numeric_asset_key,High,Content_Inventory.csv + Publication_Log.csv,Exact numeric asset key shared by Publication Log and Content Inventory; no CNT inferred.
ALIAS-0059,2607792,CNT-069,2607792,2607792 - fantasma+Universe - El gato ;o (21-jun-26).jpeg,1dYQ2ymvaqEC3P1S96TqrFBOXexYXDT8E,PUB-FB-17_30-46,2607792 - fantasma+Universe - El gato ;o (21-jun-26).jpeg,Facebook,1036844829507460_122151377385072582,122151377349072582,https://www.facebook.com/122146890051072582/posts/122151377385072582,2026-08-25,13:30,,,Programada,Normalized_numeric_asset_key,High,Content_Inventory.csv + Publication_Log.csv,Exact numeric asset key shared by Publication Log and Content Inventory; no CNT inferred.
ALIAS-0060,2608062,,,,,PUB-FB-17_30-47,2608062 - Kiri+Evan - prestame el marron.jpeg,Facebook,1036844829507460_122151377475072582,122151377433072582,https://www.facebook.com/122146890051072582/posts/122151377475072582,2026-08-25,16:00,,,Programada,No_inventory_match,Review,Content_Inventory.csv + Publication_Log.csv,No matching inventory row by normalized numeric key; preserve as alias gap and do not create CNT.
ALIAS-0061,260613,CNT-058,260613,260613 - Wilfred.png,1yAnPsDhu-hESADhtfjMWgkWQdC7hhrqM,PUB-FB-17_30-48,260613 - Wilfred.png,Facebook,1036844829507460_122151377553072582,122151377517072582,https://www.facebook.com/122146890051072582/posts/122151377553072582,2026-08-25,17:00,,,Programada,Normalized_numeric_asset_key,High,Content_Inventory.csv + Publication_Log.csv,Exact numeric asset key shared by Publication Log and Content Inventory; no CNT inferred.
ALIAS-0062,2608043,,,,,PUB-FB-17_30-49,2608043 - Maeve - No te pedi que me revivieras.jpeg,Facebook,1036844829507460_122151377649072582,122151377607072582,https://www.facebook.com/122146890051072582/posts/122151377649072582,2026-08-25,19:00,,,Programada,No_inventory_match,Review,Content_Inventory.csv + Publication_Log.csv,No matching inventory row by normalized numeric key; preserve as alias gap and do not create CNT.
ALIAS-0063,260620,CNT-060,260620,260620 - Fantasma.png,1h1KrufRyZpd16J5_1-MQxNJ5gy9coO3N,PUB-FB-17_30-50,260620 - Fantasma.png,Facebook,1036844829507460_122151377733072582,122151377697072582,https://www.facebook.com/122146890051072582/posts/122151377733072582,2026-08-26,10:00,,,Programada,Normalized_numeric_asset_key,High,Content_Inventory.csv + Publication_Log.csv,Exact numeric asset key shared by Publication Log and Content Inventory; no CNT inferred.
ALIAS-0064,2608065,,,,,PUB-FB-17_30-51,2608065 - Fantasma - Pedazo de socrates.jpeg,Facebook,1036844829507460_122151377829072582,122151377781072582,https://www.facebook.com/122146890051072582/posts/122151377829072582,2026-08-26,11:00,,,Programada,No_inventory_match,Review,Content_Inventory.csv + Publication_Log.csv,No matching inventory row by normalized numeric key; preserve as alias gap and do not create CNT.
ALIAS-0065,260540,CNT-049,260540,260540 - Elara.png,1t5oZ88YMrhgWt2EwZVvHO8RIX6Q5SE_R,PUB-FB-17_30-52,260540 - Elara.png,Facebook,1036844829507460_122151377913072582,122151377859072582,https://www.facebook.com/122146890051072582/posts/122151377913072582,2026-08-26,13:30,,,Programada,Normalized_numeric_asset_key,High,Content_Inventory.csv + Publication_Log.csv,Exact numeric asset key shared by Publication Log and Content Inventory; no CNT inferred.
ALIAS-0066,2608058,,,,,PUB-FB-17_30-53,2608058 - Silvio - Tiene que dar tranquilidad.jpeg,Facebook,1036844829507460_122151377979072582,122151377937072582,https://www.facebook.com/122146890051072582/posts/122151377979072582,2026-08-26,16:00,,,Programada,No_inventory_match,Review,Content_Inventory.csv + Publication_Log.csv,No matching inventory row by normalized numeric key; preserve as alias gap and do not create CNT.
ALIAS-0067,260590,CNT-056,260590,260590 - Maeve.png,1VXSbwFRQpdYlU8YKFYtrl6vzqKjkLygV,PUB-FB-17_30-54,260590 - Maeve.png,Facebook,1036844829507460_122151378063072582,122151378033072582,https://www.facebook.com/122146890051072582/posts/122151378063072582,2026-08-26,17:00,,,Programada,Normalized_numeric_asset_key,High,Content_Inventory.csv + Publication_Log.csv,Exact numeric asset key shared by Publication Log and Content Inventory; no CNT inferred.
ALIAS-0068,2608044,,,,,PUB-FB-17_30-55,2608044 - Silvio - Sabra dios cuantos ligues.jpeg,Facebook,1036844829507460_122151378153072582,122151378117072582,https://www.facebook.com/122146890051072582/posts/122151378153072582,2026-08-26,19:00,,,Programada,No_inventory_match,Review,Content_Inventory.csv + Publication_Log.csv,No matching inventory row by normalized numeric key; preserve as alias gap and do not create CNT.
ALIAS-0069,260571,,,,,PUB-FB-17_30-56,260571 - Kiri.png,Facebook,1036844829507460_122151378249072582,122151378195072582,https://www.facebook.com/122146890051072582/posts/122151378249072582,2026-08-27,10:00,,,Programada,No_inventory_match,Review,Content_Inventory.csv + Publication_Log.csv,No matching inventory row by normalized numeric key; preserve as alias gap and do not create CNT.
ALIAS-0070,2608042,,,,,PUB-FB-17_30-57,2608042 - Maeve+kael - Te quiero besiquiar.jpeg,Facebook,1036844829507460_122151378327072582,122151378291072582,https://www.facebook.com/122146890051072582/posts/122151378327072582,2026-08-27,11:00,,,Programada,No_inventory_match,Review,Content_Inventory.csv + Publication_Log.csv,No matching inventory row by normalized numeric key; preserve as alias gap and do not create CNT.
ALIAS-0071,260573,CNT-054,260573,260573 - Universe.png,18ueYKekJ9RGortWr0SQMI9L6uVR5s-pG,PUB-FB-17_30-58,260573 - Universe.png,Facebook,1036844829507460_122151378411072582,122151378387072582,https://www.facebook.com/122146890051072582/posts/122151378411072582,2026-08-27,13:30,,,Programada,Normalized_numeric_asset_key,High,Content_Inventory.csv + Publication_Log.csv,Exact numeric asset key shared by Publication Log and Content Inventory; no CNT inferred.
ALIAS-0072,2608064,,,,,PUB-FB-17_30-59,2608064 - Universe - Quieren hacer pendejo al que nacio asi.jpeg,Facebook,1036844829507460_122151378495072582,122151378447072582,https://www.facebook.com/122146890051072582/posts/122151378495072582,2026-08-27,16:00,,,Programada,No_inventory_match,Review,Content_Inventory.csv + Publication_Log.csv,No matching inventory row by normalized numeric key; preserve as alias gap and do not create CNT.
ALIAS-0073,260542,CNT-050,260542,260542 - Universe.png,1NWmVZyQfcSbhc30zfKpFsIAS0vNxq6r_,PUB-FB-17_30-60,260542 - Universe.png,Facebook,1036844829507460_122151378573072582,122151378531072582,https://www.facebook.com/122146890051072582/posts/122151378573072582,2026-08-27,17:00,,,Programada,Normalized_numeric_asset_key,High,Content_Inventory.csv + Publication_Log.csv,Exact numeric asset key shared by Publication Log and Content Inventory; no CNT inferred.
ALIAS-0074,2608055,,,,,PUB-FB-17_30-61,2608055 - Kiri - Parezco normal.jpeg,Facebook,1036844829507460_122151378639072582,122151378603072582,https://www.facebook.com/122146890051072582/posts/122151378639072582,2026-08-27,19:00,,,Programada,No_inventory_match,Review,Content_Inventory.csv + Publication_Log.csv,No matching inventory row by normalized numeric key; preserve as alias gap and do not create CNT.
ALIAS-0075,260527,CNT-047,260527,260527 - Universe.png,10pd1kRstf89Y28guEZabpjfun6H4GGG3,PUB-FB-17_30-62,260527 - Universe.png,Facebook,1036844829507460_122151378717072582,122151378693072582,https://www.facebook.com/122146890051072582/posts/122151378717072582,2026-08-28,10:00,,,Programada,Normalized_numeric_asset_key,High,Content_Inventory.csv + Publication_Log.csv,Exact numeric asset key shared by Publication Log and Content Inventory; no CNT inferred.
ALIAS-0076,260550,,,,,PUB-FB-17_30-63,260550 - Universe.png,Facebook,1036844829507460_122151378807072582,122151378771072582,https://www.facebook.com/122146890051072582/posts/122151378807072582,2026-08-28,11:00,,,Programada,No_inventory_match,Review,Content_Inventory.csv + Publication_Log.csv,No matching inventory row by normalized numeric key; preserve as alias gap and do not create CNT.
ALIAS-0077,2608059,,,,,PUB-FB-17_30-64,2608059 - Kael - Si la vida te da limones.jpeg,Facebook,1036844829507460_122151378879072582,122151378849072582,https://www.facebook.com/122146890051072582/posts/122151378879072582,2026-08-28,13:30,,,Programada,No_inventory_match,Review,Content_Inventory.csv + Publication_Log.csv,No matching inventory row by normalized numeric key; preserve as alias gap and do not create CNT.
ALIAS-0078,260543,CNT-051,260543,260543 - Evan.png,1wZKe6jShWahCGKH34BZB8uQ0qVK847e4,PUB-FB-17_30-65,260543 - Evan.png,Facebook,1036844829507460_122151378969072582,122151378939072582,https://www.facebook.com/122146890051072582/posts/122151378969072582,2026-08-28,19:00,,,Programada,Normalized_numeric_asset_key,High,Content_Inventory.csv + Publication_Log.csv,Exact numeric asset key shared by Publication Log and Content Inventory; no CNT inferred.
ALIAS-0079,2608045,,,,,PUB-FB-17_30-66,2608045 - Kiri+Evan - No te voy a mentir.jpeg,Facebook,1036844829507460_122151379047072582,122151379011072582,https://www.facebook.com/122146890051072582/posts/122151379047072582,2026-08-29,10:00,,,Programada,No_inventory_match,Review,Content_Inventory.csv + Publication_Log.csv,No matching inventory row by normalized numeric key; preserve as alias gap and do not create CNT.
ALIAS-0080,741,CNT-041,741,741 - Elara+Maeve.png,1kjnBWYqorukEjwwEhIrlTkeVJzZyoQ7e,PUB-FB-17_30-67,741 - Elara+Maeve.png,Facebook,1036844829507460_122151379125072582,122151379101072582,https://www.facebook.com/122146890051072582/posts/122151379125072582,2026-08-29,11:00,,,Programada,Normalized_numeric_asset_key,High,Content_Inventory.csv + Publication_Log.csv,Exact numeric asset key shared by Publication Log and Content Inventory; no CNT inferred.
ALIAS-0081,2608047,,,,,PUB-FB-17_30-68,2608047 - Kael - Inolerancia a la lactosa.jpeg,Facebook,1036844829507460_122151379203072582,122151379173072582,https://www.facebook.com/122146890051072582/posts/122151379203072582,2026-08-29,13:30,,,Programada,No_inventory_match,Review,Content_Inventory.csv + Publication_Log.csv,No matching inventory row by normalized numeric key; preserve as alias gap and do not create CNT.
ALIAS-0082,260559,CNT-052,260559,260559 - Universe.png,171bzjw4YeEUcXcCAHXKZnTZrHTeweeI7,PUB-FB-17_30-69,260559 - Universe.png,Facebook,1036844829507460_122151379287072582,122151379257072582,https://www.facebook.com/122146890051072582/posts/122151379287072582,2026-08-29,19:00,,,Programada,Normalized_numeric_asset_key,High,Content_Inventory.csv + Publication_Log.csv,Exact numeric asset key shared by Publication Log and Content Inventory; no CNT inferred.
ALIAS-0083,2608054,,,,,PUB-FB-17_30-70,2608054 - Maeve - Salgamos a hablar de todo.jpeg,Facebook,1036844829507460_122151379371072582,122151379341072582,https://www.facebook.com/122146890051072582/posts/122151379371072582,2026-08-30,10:00,,,Programada,No_inventory_match,Review,Content_Inventory.csv + Publication_Log.csv,No matching inventory row by normalized numeric key; preserve as alias gap and do not create CNT.
ALIAS-0084,260650,CNT-066,260650,260650 - Universe.png,1qL6amvdj4Eolwj_oB3VZkLVPa1rwxZ4J,PUB-FB-17_30-71,260650 - Universe.png,Facebook,1036844829507460_122151379461072582,122151379419072582,https://www.facebook.com/122146890051072582/posts/122151379461072582,2026-08-30,13:30,,,Programada,Normalized_numeric_asset_key,High,Content_Inventory.csv + Publication_Log.csv,Exact numeric asset key shared by Publication Log and Content Inventory; no CNT inferred.
ALIAS-0085,2608051,,,,,PUB-FB-17_30-72,2608051 - Universe - Mi unico defecto es que me gusta cger.jpeg,Facebook,1036844829507460_122151379545072582,122151379515072582,https://www.facebook.com/122146890051072582/posts/122151379545072582,2026-08-30,16:00,,,Programada,No_inventory_match,Review,Content_Inventory.csv + Publication_Log.csv,No matching inventory row by normalized numeric key; preserve as alias gap and do not create CNT.
ALIAS-0086,260617,,,,,PUB-FB-17_30-73,260617 - Elara+Kael.png,Facebook,1036844829507460_122151379623072582,122151379587072582,https://www.facebook.com/122146890051072582/posts/122151379623072582,2026-08-30,19:00,,,Programada,No_inventory_match,Review,Content_Inventory.csv + Publication_Log.csv,No matching inventory row by normalized numeric key; preserve as alias gap and do not create CNT.
ALIAS-0087,260528,CNT-048,260528,260528 - Universe.png,1LmngFJ1-jK14sd65nqm2Jg2KSE3e5NMO,PUB-FB-17_30-74,260528 - Universe.png,Facebook,1036844829507460_122151379707072582,122151379665072582,https://www.facebook.com/122146890051072582/posts/122151379707072582,2026-08-30,22:00,,,Programada,Normalized_numeric_asset_key,High,Content_Inventory.csv + Publication_Log.csv,Exact numeric asset key shared by Publication Log and Content Inventory; no CNT inferred.
ALIAS-0088,2608036,CNT-037,2608036- Elara+Evan - Nadie nos soporta.jpeg,2608036- Elara+Evan - Nadie nos soporta.jpeg,1dM9LAsLF04If5MY3azfiFkIiUeLn-rBD,PUB-IG-15_16-02,2608036- Elara+Evan - Nadie nos soporta.jpeg,Instagram,,,https://www.instagram.com/p/DcHY1W6libg/,2026-08-16,16:30,2026-08-16,15:05:30,Eliminada_Manualmente,Normalized_numeric_asset_key,High,Content_Inventory.csv + Publication_Log.csv,Exact numeric asset key shared by Publication Log and Content Inventory; no CNT inferred.
ALIAS-0089,2608060,CNT-038,2608060 - Kael+Maeve - gustos salvajones.jpeg,2608060 - Kael+Maeve - gustos salvajones.jpeg,1FaRLXsAkB7pS67-w1pN4o6yDQcWyDh2l,PUB-IG-15_16-03,2608060 - Kael+Maeve - gustos salvajones.jpeg,Instagram,,,https://www.instagram.com/p/DcHY26jGpM8/,2026-08-16,19:00,2026-08-16,15:05:44,Eliminada_Manualmente,Normalized_numeric_asset_key,High,Content_Inventory.csv + Publication_Log.csv,Exact numeric asset key shared by Publication Log and Content Inventory; no CNT inferred.
ALIAS-0090,2608036,CNT-037,2608036- Elara+Evan - Nadie nos soporta.jpeg,2608036- Elara+Evan - Nadie nos soporta.jpeg,1dM9LAsLF04If5MY3azfiFkIiUeLn-rBD,PUB-IG-17_08-01,2608036- Elara+Evan - Nadie nos soporta.jpeg,Instagram,,,https://www.instagram.com/p/DcHxuuWllRk/,2026-08-16,16:30,2026-08-16,18:43:02,Publicado,Normalized_numeric_asset_key,High,Content_Inventory.csv + Publication_Log.csv,Exact numeric asset key shared by Publication Log and Content Inventory; no CNT inferred.
ALIAS-0091,2608060,CNT-038,2608060 - Kael+Maeve - gustos salvajones.jpeg,2608060 - Kael+Maeve - gustos salvajones.jpeg,1FaRLXsAkB7pS67-w1pN4o6yDQcWyDh2l,PUB-IG-17_08-02,2608060 - Kael+Maeve - gustos salvajones.jpeg,Instagram,,,https://www.instagram.com/p/DcHxv5SlorV/,2026-08-16,19:00,2026-08-16,18:43:17,Publicado,Normalized_numeric_asset_key,High,Content_Inventory.csv + Publication_Log.csv,Exact numeric asset key shared by Publication Log and Content Inventory; no CNT inferred.
ALIAS-0092,260633,CNT-062,260633,260633 - Universe.png,1c9vwjclQZ6k-4kkgyMCpV17pnrWzHx9O,PUB-IG-17_30-01,260633 - Universe.png,Instagram,,,https://www.instagram.com/p/DcIQHJJHEp0/,2026-08-17,10:00,2026-08-16,23:08:35,Eliminada_Manualmente,Normalized_numeric_asset_key,High,Content_Inventory.csv + Publication_Log.csv,Exact numeric asset key shared by Publication Log and Content Inventory; no CNT inferred.
ALIAS-0093,260633,CNT-062,260633,260633 - Universe.png,1c9vwjclQZ6k-4kkgyMCpV17pnrWzHx9O,PUB-IG-17_30-01B,260633 - Universe.png,Instagram,,,,2026-08-17,10:00,,,Programada,Normalized_numeric_asset_key,High,Content_Inventory.csv + Publication_Log.csv,Exact numeric asset key shared by Publication Log and Content Inventory; no CNT inferred.
ALIAS-0094,260560,CNT-053,260560,260560 - Fantasma.png,1d6Dv4lz2kKTHX2Zl1M-tstOwradmhAyi,PUB-IG-17_30-02B,260560 - Fantasma.png,Instagram,,,,2026-08-19,13:30,,,Programada,Normalized_numeric_asset_key,High,Content_Inventory.csv + Publication_Log.csv,Exact numeric asset key shared by Publication Log and Content Inventory; no CNT inferred.
ALIAS-0095,260614,CNT-059,260614,260614 - Universe.png,1lZsqVXERwU7mnc80wCugSkjoy2crRLiP,PUB-IG-17_30-03B,260614 - Universe.png,Instagram,,,,2026-08-21,19:00,,,Programada,Normalized_numeric_asset_key,High,Content_Inventory.csv + Publication_Log.csv,Exact numeric asset key shared by Publication Log and Content Inventory; no CNT inferred.
ALIAS-0096,260625,CNT-061,260625,260625.png,1Mfx7HRQOxwG0DWmSzGLlEvuxUcwafynW,PUB-IG-17_30-04B,260625.png,Instagram,,,,2026-08-23,22:00,,,Programada,Normalized_numeric_asset_key,High,Content_Inventory.csv + Publication_Log.csv,Exact numeric asset key shared by Publication Log and Content Inventory; no CNT inferred.
ALIAS-0097,260613,CNT-058,260613,260613 - Wilfred.png,1yAnPsDhu-hESADhtfjMWgkWQdC7hhrqM,PUB-IG-17_30-05B,260613 - Wilfred.png,Instagram,,,,2026-08-25,17:00,,,Programada,Normalized_numeric_asset_key,High,Content_Inventory.csv + Publication_Log.csv,Exact numeric asset key shared by Publication Log and Content Inventory; no CNT inferred.
ALIAS-0098,260528,CNT-048,260528,260528 - Universe.png,1LmngFJ1-jK14sd65nqm2Jg2KSE3e5NMO,PUB-IG-17_30-06B,260528 - Universe.png,Instagram,,,,2026-08-30,22:00,,,Programada,Normalized_numeric_asset_key,High,Content_Inventory.csv + Publication_Log.csv,Exact numeric asset key shared by Publication Log and Content Inventory; no CNT inferred.
