Alias_ID,Asset_Key,Inventory_ID,Inventory_Asset_Ref,Inventory_Asset_Filename,Drive_ID,Publication_ID,Publication_Asset_Ref,Plataforma,Meta_Post_ID,Meta_Photo_ID,Permalink,Fecha_Planeada_Local,Hora_Planeada_Local,Fecha_Publicacion_Local,Hora_Publicacion_Local,Estado_Publicacion,Match_Method,Confidence,Source,Notes,Review_Category,Recommended_Action,Review_Category,Recommended_Action
ALIAS-0015,2608028,,,,,PUB-FB-17_30-02,2608028 - Universe -  El amor esta en todos lados.png,Facebook,1036844829507460_122151373761072582,122151373737072582,https://www.facebook.com/122146890051072582/posts/122151373761072582,2026-08-17,11:00,,,Programada,No_inventory_match,Review,Content_Inventory.csv + Publication_Log.csv,No matching inventory row by normalized numeric key; preserve as alias gap and do not create CNT.,17_30_inventory_gap,"Cross-check exact filename/Drive/Meta; if no evidence, keep Review without CNT creation.",17_30_inventory_gap,"Cross-check exact filename/Drive/Meta; if no evidence, keep Review without CNT creation."
ALIAS-0016,2608034,,,,,PUB-FB-17_30-03,2608034- Elara - uno debe ser chismoso.jpeg,Facebook,1036844829507460_122151373833072582,122151373797072582,https://www.facebook.com/122146890051072582/posts/122151373833072582,2026-08-17,13:30,,,Programada,No_inventory_match,Review,Content_Inventory.csv + Publication_Log.csv,No matching inventory row by normalized numeric key; preserve as alias gap and do not create CNT.,17_30_inventory_gap,"Cross-check exact filename/Drive/Meta; if no evidence, keep Review without CNT creation.",17_30_inventory_gap,"Cross-check exact filename/Drive/Meta; if no evidence, keep Review without CNT creation."
ALIAS-0018,2608027,,,,,PUB-FB-17_30-05,2608027.jpeg,Facebook,1036844829507460_122151373953072582,122151373917072582,https://www.facebook.com/122146890051072582/posts/122151373953072582,2026-08-17,17:00,,,Programada,No_inventory_match,Review,Content_Inventory.csv + Publication_Log.csv,No matching inventory row by normalized numeric key; preserve as alias gap and do not create CNT.,P0_or_P0_adjacent_exception,Keep as documented exception; do not create CNT; preserve P0 association register.,P0_or_P0_adjacent_exception,Keep as documented exception; do not create CNT; preserve P0 association register.
ALIAS-0019,2608029,,,,,PUB-FB-17_30-06,2608029 - Wilfred - Quiero loquiar.jpeg,Facebook,1036844829507460_122151374019072582,122151373983072582,https://www.facebook.com/122146890051072582/posts/122151374019072582,2026-08-17,19:00,,,Programada,No_inventory_match,Review,Content_Inventory.csv + Publication_Log.csv,No matching inventory row by normalized numeric key; preserve as alias gap and do not create CNT.,17_30_inventory_gap,"Cross-check exact filename/Drive/Meta; if no evidence, keep Review without CNT creation.",17_30_inventory_gap,"Cross-check exact filename/Drive/Meta; if no evidence, keep Review without CNT creation."
ALIAS-0020,260646,,,,,PUB-FB-17_30-07,260646 - No sean asi.. (14-jun-26).png,Facebook,1036844829507460_122151374085072582,122151374055072582,https://www.facebook.com/122146890051072582/posts/122151374085072582,2026-08-18,10:00,,,Programada,No_inventory_match,Review,Content_Inventory.csv + Publication_Log.csv,No matching inventory row by normalized numeric key; preserve as alias gap and do not create CNT.,17_30_inventory_gap,"Cross-check exact filename/Drive/Meta; if no evidence, keep Review without CNT creation.",17_30_inventory_gap,"Cross-check exact filename/Drive/Meta; if no evidence, keep Review without CNT creation."
ALIAS-0021,2608046,,,,,PUB-FB-17_30-08,2608046 - Universe - Mis firmas no se parecen.jpeg,Facebook,1036844829507460_122151374157072582,122151374121072582,https://www.facebook.com/122146890051072582/posts/122151374157072582,2026-08-18,11:00,,,Programada,No_inventory_match,Review,Content_Inventory.csv + Publication_Log.csv,No matching inventory row by normalized numeric key; preserve as alias gap and do not create CNT.,17_30_inventory_gap,"Cross-check exact filename/Drive/Meta; if no evidence, keep Review without CNT creation.",17_30_inventory_gap,"Cross-check exact filename/Drive/Meta; if no evidence, keep Review without CNT creation."
ALIAS-0023,2608052,,,,,PUB-FB-17_30-10,2608052 - Evan - Yo confiando en Google Maps.jpeg,Facebook,1036844829507460_122151374289072582,122151374253072582,https://www.facebook.com/122146890051072582/posts/122151374289072582,2026-08-18,16:00,,,Programada,No_inventory_match,Review,Content_Inventory.csv + Publication_Log.csv,No matching inventory row by normalized numeric key; preserve as alias gap and do not create CNT.,17_30_inventory_gap,"Cross-check exact filename/Drive/Meta; if no evidence, keep Review without CNT creation.",17_30_inventory_gap,"Cross-check exact filename/Drive/Meta; if no evidence, keep Review without CNT creation."
ALIAS-0025,2608032,,,,,PUB-FB-17_30-12,2608032 - Kiri - Para romper el echizo tendras que besarla en los labios.jpeg,Facebook,1036844829507460_122151374457072582,122151374421072582,https://www.facebook.com/122146890051072582/posts/122151374457072582,2026-08-18,19:00,,,Programada,No_inventory_match,Review,Content_Inventory.csv + Publication_Log.csv,No matching inventory row by normalized numeric key; preserve as alias gap and do not create CNT.,17_30_inventory_gap,"Cross-check exact filename/Drive/Meta; if no evidence, keep Review without CNT creation.",17_30_inventory_gap,"Cross-check exact filename/Drive/Meta; if no evidence, keep Review without CNT creation."
ALIAS-0027,2608061,,,,,PUB-FB-17_30-14,2608061 - Fantasma - acaso parezco alguien que quiere ser genial.jpeg,Facebook,1036844829507460_122151374589072582,122151374559072582,https://www.facebook.com/122146890051072582/posts/122151374589072582,2026-08-19,11:00,,,Programada,No_inventory_match,Review,Content_Inventory.csv + Publication_Log.csv,No matching inventory row by normalized numeric key; preserve as alias gap and do not create CNT.,17_30_inventory_gap,"Cross-check exact filename/Drive/Meta; if no evidence, keep Review without CNT creation.",17_30_inventory_gap,"Cross-check exact filename/Drive/Meta; if no evidence, keep Review without CNT creation."
ALIAS-0029,2608031,,,,,PUB-FB-17_30-16,2608031 - Maeve+Silvio - Risas falsas.jpeg,Facebook,1036844829507460_122151374745072582,122151374709072582,https://www.facebook.com/122146890051072582/posts/122151374745072582,2026-08-19,16:00,,,Programada,No_inventory_match,Review,Content_Inventory.csv + Publication_Log.csv,No matching inventory row by normalized numeric key; preserve as alias gap and do not create CNT.,17_30_inventory_gap,"Cross-check exact filename/Drive/Meta; if no evidence, keep Review without CNT creation.",17_30_inventory_gap,"Cross-check exact filename/Drive/Meta; if no evidence, keep Review without CNT creation."
ALIAS-0031,2608040,,,,,PUB-FB-17_30-18,2608040- Wilfred - el universo me susurro en sueños.jpeg,Facebook,1036844829507460_122151374919072582,122151374877072582,https://www.facebook.com/122146890051072582/posts/122151374919072582,2026-08-19,19:00,,,Programada,No_inventory_match,Review,Content_Inventory.csv + Publication_Log.csv,No matching inventory row by normalized numeric key; preserve as alias gap and do not create CNT.,17_30_inventory_gap,"Cross-check exact filename/Drive/Meta; if no evidence, keep Review without CNT creation.",17_30_inventory_gap,"Cross-check exact filename/Drive/Meta; if no evidence, keep Review without CNT creation."
ALIAS-0033,2608038,,,,,PUB-FB-17_30-20,2608038- Ganso - Mejor pudriendome en dinero.jpeg,Facebook,1036844829507460_122151375111072582,122151375045072582,https://www.facebook.com/122146890051072582/posts/122151375111072582,2026-08-20,11:00,,,Programada,No_inventory_match,Review,Content_Inventory.csv + Publication_Log.csv,No matching inventory row by normalized numeric key; preserve as alias gap and do not create CNT.,17_30_inventory_gap,"Cross-check exact filename/Drive/Meta; if no evidence, keep Review without CNT creation.",17_30_inventory_gap,"Cross-check exact filename/Drive/Meta; if no evidence, keep Review without CNT creation."
ALIAS-0035,2608056,,,,,PUB-FB-17_30-22,2608056 - Wilfred - Analize tu contexto.jpeg,Facebook,1036844829507460_122151375303072582,122151375231072582,https://www.facebook.com/122146890051072582/posts/122151375303072582,2026-08-20,16:00,,,Programada,No_inventory_match,Review,Content_Inventory.csv + Publication_Log.csv,No matching inventory row by normalized numeric key; preserve as alias gap and do not create CNT.,17_30_inventory_gap,"Cross-check exact filename/Drive/Meta; if no evidence, keep Review without CNT creation.",17_30_inventory_gap,"Cross-check exact filename/Drive/Meta; if no evidence, keep Review without CNT creation."
ALIAS-0036,260508,CNT-042,260508,260508 - Universe.jpg,1c_AQFPbigiR39cH7f39h2MzCFvQL799b,PUB-FB-17_30-23,260508 - Universe.jpg,Facebook,1036844829507460_122151375375072582,122151375345072582,https://www.facebook.com/122146890051072582/posts/122151375375072582,2026-08-20,17:00,,,Programada,Normalized_numeric_asset_key_multiple_inventory_rows,Review,Content_Inventory.csv + Publication_Log.csv,2 inventory rows share the normalized key; no automatic selection should be treated as canonical.,17_30_inventory_gap,"Cross-check exact filename/Drive/Meta; if no evidence, keep Review without CNT creation.",17_30_inventory_gap,"Cross-check exact filename/Drive/Meta; if no evidence, keep Review without CNT creation."
ALIAS-0037,2608041,,,,,PUB-FB-17_30-24,2608041 - Maeve+kael - No me averguenza amar.jpeg,Facebook,1036844829507460_122151375465072582,122151375435072582,https://www.facebook.com/122146890051072582/posts/122151375465072582,2026-08-20,19:00,,,Programada,No_inventory_match,Review,Content_Inventory.csv + Publication_Log.csv,No matching inventory row by normalized numeric key; preserve as alias gap and do not create CNT.,17_30_inventory_gap,"Cross-check exact filename/Drive/Meta; if no evidence, keep Review without CNT creation.",17_30_inventory_gap,"Cross-check exact filename/Drive/Meta; if no evidence, keep Review without CNT creation."
ALIAS-0038,2607838,,,,,PUB-FB-17_30-25,2607838 - Dios - Quien me creo a mi (29-jun-26).png,Facebook,1036844829507460_122151375549072582,122151375525072582,https://www.facebook.com/122146890051072582/posts/122151375549072582,2026-08-21,10:00,,,Programada,No_inventory_match,Review,Content_Inventory.csv + Publication_Log.csv,No matching inventory row by normalized numeric key; preserve as alias gap and do not create CNT.,17_30_inventory_gap,"Cross-check exact filename/Drive/Meta; if no evidence, keep Review without CNT creation.",17_30_inventory_gap,"Cross-check exact filename/Drive/Meta; if no evidence, keep Review without CNT creation."
ALIAS-0040,2608049,,,,,PUB-FB-17_30-27,2608049 - Elara - Tibio tu cafe.jpeg,Facebook,1036844829507460_122151375759072582,122151375705072582,https://www.facebook.com/122146890051072582/posts/122151375759072582,2026-08-21,13:30,,,Programada,No_inventory_match,Review,Content_Inventory.csv + Publication_Log.csv,No matching inventory row by normalized numeric key; preserve as alias gap and do not create CNT.,17_30_inventory_gap,"Cross-check exact filename/Drive/Meta; if no evidence, keep Review without CNT creation.",17_30_inventory_gap,"Cross-check exact filename/Drive/Meta; if no evidence, keep Review without CNT creation."
ALIAS-0042,2608050,,,,,PUB-FB-17_30-29,2608050 - Universe - A ponerse en forma.jpeg,Facebook,1036844829507460_122151375927072582,122151375885072582,https://www.facebook.com/122146890051072582/posts/122151375927072582,2026-08-22,10:00,,,Programada,No_inventory_match,Review,Content_Inventory.csv + Publication_Log.csv,No matching inventory row by normalized numeric key; preserve as alias gap and do not create CNT.,17_30_inventory_gap,"Cross-check exact filename/Drive/Meta; if no evidence, keep Review without CNT creation.",17_30_inventory_gap,"Cross-check exact filename/Drive/Meta; if no evidence, keep Review without CNT creation."
ALIAS-0044,2608063,,,,,PUB-FB-17_30-31,2608063 - Universe - Larga vida a esas mujeres.jpeg,Facebook,1036844829507460_122151376083072582,122151376053072582,https://www.facebook.com/122146890051072582/posts/122151376083072582,2026-08-22,13:30,,,Programada,No_inventory_match,Review,Content_Inventory.csv + Publication_Log.csv,No matching inventory row by normalized numeric key; preserve as alias gap and do not create CNT.,17_30_inventory_gap,"Cross-check exact filename/Drive/Meta; if no evidence, keep Review without CNT creation.",17_30_inventory_gap,"Cross-check exact filename/Drive/Meta; if no evidence, keep Review without CNT creation."
ALIAS-0046,2608035,,,,,PUB-FB-17_30-33,2608035- Maeve - La necesidad de enloquecer.jpeg,Facebook,1036844829507460_122151376281072582,122151376245072582,https://www.facebook.com/122146890051072582/posts/122151376281072582,2026-08-23,10:00,,,Programada,No_inventory_match,Review,Content_Inventory.csv + Publication_Log.csv,No matching inventory row by normalized numeric key; preserve as alias gap and do not create CNT.,17_30_inventory_gap,"Cross-check exact filename/Drive/Meta; if no evidence, keep Review without CNT creation.",17_30_inventory_gap,"Cross-check exact filename/Drive/Meta; if no evidence, keep Review without CNT creation."
ALIAS-0047,260508,CNT-042,260508,260508 - Universe.jpg,1c_AQFPbigiR39cH7f39h2MzCFvQL799b,PUB-FB-17_30-34,Universe - Existencial 260508.png,Facebook,1036844829507460_122151376365072582,122151376329072582,https://www.facebook.com/122146890051072582/posts/122151376365072582,2026-08-23,13:30,,,Programada,Normalized_numeric_asset_key_multiple_inventory_rows,Review,Content_Inventory.csv + Publication_Log.csv,2 inventory rows share the normalized key; no automatic selection should be treated as canonical.,17_30_inventory_gap,"Cross-check exact filename/Drive/Meta; if no evidence, keep Review without CNT creation.",17_30_inventory_gap,"Cross-check exact filename/Drive/Meta; if no evidence, keep Review without CNT creation."
ALIAS-0048,2608057,,,,,PUB-FB-17_30-35,2608057 - Fantasma - Sabes que me caeria bien.jpeg,Facebook,1036844829507460_122151376455072582,122151376413072582,https://www.facebook.com/122146890051072582/posts/122151376455072582,2026-08-23,16:00,,,Programada,No_inventory_match,Review,Content_Inventory.csv + Publication_Log.csv,No matching inventory row by normalized numeric key; preserve as alias gap and do not create CNT.,17_30_inventory_gap,"Cross-check exact filename/Drive/Meta; if no evidence, keep Review without CNT creation.",17_30_inventory_gap,"Cross-check exact filename/Drive/Meta; if no evidence, keep Review without CNT creation."
ALIAS-0049,260757,,,,,PUB-FB-17_30-36,260757 - Maeve - Estas seguro¿ (14-jun-26).png,Facebook,1036844829507460_122151376539072582,122151376503072582,https://www.facebook.com/122146890051072582/posts/122151376539072582,2026-08-23,19:00,,,Programada,No_inventory_match,Review,Content_Inventory.csv + Publication_Log.csv,No matching inventory row by normalized numeric key; preserve as alias gap and do not create CNT.,17_30_inventory_gap,"Cross-check exact filename/Drive/Meta; if no evidence, keep Review without CNT creation.",17_30_inventory_gap,"Cross-check exact filename/Drive/Meta; if no evidence, keep Review without CNT creation."
ALIAS-0051,260661,,,,,PUB-FB-17_30-38,Universe - Existencial 260661.png,Facebook,1036844829507460_122151376695072582,122151376659072582,https://www.facebook.com/122146890051072582/posts/122151376695072582,2026-08-24,10:00,,,Programada,No_inventory_match,Review,Content_Inventory.csv + Publication_Log.csv,No matching inventory row by normalized numeric key; preserve as alias gap and do not create CNT.,17_30_inventory_gap,"Cross-check exact filename/Drive/Meta; if no evidence, keep Review without CNT creation.",17_30_inventory_gap,"Cross-check exact filename/Drive/Meta; if no evidence, keep Review without CNT creation."
ALIAS-0053,2608048,,,,,PUB-FB-17_30-40,2608048 - Universe - Inalcanzable para todos.jpeg,Facebook,1036844829507460_122151376851072582,122151376815072582,https://www.facebook.com/122146890051072582/posts/122151376851072582,2026-08-24,13:30,,,Programada,No_inventory_match,Review,Content_Inventory.csv + Publication_Log.csv,No matching inventory row by normalized numeric key; preserve as alias gap and do not create CNT.,17_30_inventory_gap,"Cross-check exact filename/Drive/Meta; if no evidence, keep Review without CNT creation.",17_30_inventory_gap,"Cross-check exact filename/Drive/Meta; if no evidence, keep Review without CNT creation."
ALIAS-0055,2608053,,,,,PUB-FB-17_30-42,2608053 - Universe - Quieras o no.jpeg,Facebook,1036844829507460_122151377019072582,122151376977072582,https://www.facebook.com/122146890051072582/posts/122151377019072582,2026-08-24,17:00,,,Programada,No_inventory_match,Review,Content_Inventory.csv + Publication_Log.csv,No matching inventory row by normalized numeric key; preserve as alias gap and do not create CNT.,17_30_inventory_gap,"Cross-check exact filename/Drive/Meta; if no evidence, keep Review without CNT creation.",17_30_inventory_gap,"Cross-check exact filename/Drive/Meta; if no evidence, keep Review without CNT creation."
ALIAS-0057,2607831,,,,,PUB-FB-17_30-44,Universe - Existencial 2607831.png,Facebook,1036844829507460_122151377199072582,122151377157072582,https://www.facebook.com/122146890051072582/posts/122151377199072582,2026-08-25,10:00,,,Programada,No_inventory_match,Review,Content_Inventory.csv + Publication_Log.csv,No matching inventory row by normalized numeric key; preserve as alias gap and do not create CNT.,17_30_inventory_gap,"Cross-check exact filename/Drive/Meta; if no evidence, keep Review without CNT creation.",17_30_inventory_gap,"Cross-check exact filename/Drive/Meta; if no evidence, keep Review without CNT creation."
ALIAS-0060,2608062,,,,,PUB-FB-17_30-47,2608062 - Kiri+Evan - prestame el marron.jpeg,Facebook,1036844829507460_122151377475072582,122151377433072582,https://www.facebook.com/122146890051072582/posts/122151377475072582,2026-08-25,16:00,,,Programada,No_inventory_match,Review,Content_Inventory.csv + Publication_Log.csv,No matching inventory row by normalized numeric key; preserve as alias gap and do not create CNT.,17_30_inventory_gap,"Cross-check exact filename/Drive/Meta; if no evidence, keep Review without CNT creation.",17_30_inventory_gap,"Cross-check exact filename/Drive/Meta; if no evidence, keep Review without CNT creation."
ALIAS-0062,2608043,,,,,PUB-FB-17_30-49,2608043 - Maeve - No te pedi que me revivieras.jpeg,Facebook,1036844829507460_122151377649072582,122151377607072582,https://www.facebook.com/122146890051072582/posts/122151377649072582,2026-08-25,19:00,,,Programada,No_inventory_match,Review,Content_Inventory.csv + Publication_Log.csv,No matching inventory row by normalized numeric key; preserve as alias gap and do not create CNT.,17_30_inventory_gap,"Cross-check exact filename/Drive/Meta; if no evidence, keep Review without CNT creation.",17_30_inventory_gap,"Cross-check exact filename/Drive/Meta; if no evidence, keep Review without CNT creation."
ALIAS-0064,2608065,,,,,PUB-FB-17_30-51,2608065 - Fantasma - Pedazo de socrates.jpeg,Facebook,1036844829507460_122151377829072582,122151377781072582,https://www.facebook.com/122146890051072582/posts/122151377829072582,2026-08-26,11:00,,,Programada,No_inventory_match,Review,Content_Inventory.csv + Publication_Log.csv,No matching inventory row by normalized numeric key; preserve as alias gap and do not create CNT.,17_30_inventory_gap,"Cross-check exact filename/Drive/Meta; if no evidence, keep Review without CNT creation.",17_30_inventory_gap,"Cross-check exact filename/Drive/Meta; if no evidence, keep Review without CNT creation."
ALIAS-0066,2608058,,,,,PUB-FB-17_30-53,2608058 - Silvio - Tiene que dar tranquilidad.jpeg,Facebook,1036844829507460_122151377979072582,122151377937072582,https://www.facebook.com/122146890051072582/posts/122151377979072582,2026-08-26,16:00,,,Programada,No_inventory_match,Review,Content_Inventory.csv + Publication_Log.csv,No matching inventory row by normalized numeric key; preserve as alias gap and do not create CNT.,17_30_inventory_gap,"Cross-check exact filename/Drive/Meta; if no evidence, keep Review without CNT creation.",17_30_inventory_gap,"Cross-check exact filename/Drive/Meta; if no evidence, keep Review without CNT creation."
ALIAS-0068,2608044,,,,,PUB-FB-17_30-55,2608044 - Silvio - Sabra dios cuantos ligues.jpeg,Facebook,1036844829507460_122151378153072582,122151378117072582,https://www.facebook.com/122146890051072582/posts/122151378153072582,2026-08-26,19:00,,,Programada,No_inventory_match,Review,Content_Inventory.csv + Publication_Log.csv,No matching inventory row by normalized numeric key; preserve as alias gap and do not create CNT.,17_30_inventory_gap,"Cross-check exact filename/Drive/Meta; if no evidence, keep Review without CNT creation.",17_30_inventory_gap,"Cross-check exact filename/Drive/Meta; if no evidence, keep Review without CNT creation."
ALIAS-0069,260571,,,,,PUB-FB-17_30-56,260571 - Kiri.png,Facebook,1036844829507460_122151378249072582,122151378195072582,https://www.facebook.com/122146890051072582/posts/122151378249072582,2026-08-27,10:00,,,Programada,No_inventory_match,Review,Content_Inventory.csv + Publication_Log.csv,No matching inventory row by normalized numeric key; preserve as alias gap and do not create CNT.,17_30_inventory_gap,"Cross-check exact filename/Drive/Meta; if no evidence, keep Review without CNT creation.",17_30_inventory_gap,"Cross-check exact filename/Drive/Meta; if no evidence, keep Review without CNT creation."
ALIAS-0070,2608042,,,,,PUB-FB-17_30-57,2608042 - Maeve+kael - Te quiero besiquiar.jpeg,Facebook,1036844829507460_122151378327072582,122151378291072582,https://www.facebook.com/122146890051072582/posts/122151378327072582,2026-08-27,11:00,,,Programada,No_inventory_match,Review,Content_Inventory.csv + Publication_Log.csv,No matching inventory row by normalized numeric key; preserve as alias gap and do not create CNT.,17_30_inventory_gap,"Cross-check exact filename/Drive/Meta; if no evidence, keep Review without CNT creation.",17_30_inventory_gap,"Cross-check exact filename/Drive/Meta; if no evidence, keep Review without CNT creation."
ALIAS-0072,2608064,,,,,PUB-FB-17_30-59,2608064 - Universe - Quieren hacer pendejo al que nacio asi.jpeg,Facebook,1036844829507460_122151378495072582,122151378447072582,https://www.facebook.com/122146890051072582/posts/122151378495072582,2026-08-27,16:00,,,Programada,No_inventory_match,Review,Content_Inventory.csv + Publication_Log.csv,No matching inventory row by normalized numeric key; preserve as alias gap and do not create CNT.,17_30_inventory_gap,"Cross-check exact filename/Drive/Meta; if no evidence, keep Review without CNT creation.",17_30_inventory_gap,"Cross-check exact filename/Drive/Meta; if no evidence, keep Review without CNT creation."
ALIAS-0074,2608055,,,,,PUB-FB-17_30-61,2608055 - Kiri - Parezco normal.jpeg,Facebook,1036844829507460_122151378639072582,122151378603072582,https://www.facebook.com/122146890051072582/posts/122151378639072582,2026-08-27,19:00,,,Programada,No_inventory_match,Review,Content_Inventory.csv + Publication_Log.csv,No matching inventory row by normalized numeric key; preserve as alias gap and do not create CNT.,17_30_inventory_gap,"Cross-check exact filename/Drive/Meta; if no evidence, keep Review without CNT creation.",17_30_inventory_gap,"Cross-check exact filename/Drive/Meta; if no evidence, keep Review without CNT creation."
ALIAS-0076,260550,,,,,PUB-FB-17_30-63,260550 - Universe.png,Facebook,1036844829507460_122151378807072582,122151378771072582,https://www.facebook.com/122146890051072582/posts/122151378807072582,2026-08-28,11:00,,,Programada,No_inventory_match,Review,Content_Inventory.csv + Publication_Log.csv,No matching inventory row by normalized numeric key; preserve as alias gap and do not create CNT.,17_30_inventory_gap,"Cross-check exact filename/Drive/Meta; if no evidence, keep Review without CNT creation.",17_30_inventory_gap,"Cross-check exact filename/Drive/Meta; if no evidence, keep Review without CNT creation."
ALIAS-0077,2608059,,,,,PUB-FB-17_30-64,2608059 - Kael - Si la vida te da limones.jpeg,Facebook,1036844829507460_122151378879072582,122151378849072582,https://www.facebook.com/122146890051072582/posts/122151378879072582,2026-08-28,13:30,,,Programada,No_inventory_match,Review,Content_Inventory.csv + Publication_Log.csv,No matching inventory row by normalized numeric key; preserve as alias gap and do not create CNT.,17_30_inventory_gap,"Cross-check exact filename/Drive/Meta; if no evidence, keep Review without CNT creation.",17_30_inventory_gap,"Cross-check exact filename/Drive/Meta; if no evidence, keep Review without CNT creation."
ALIAS-0079,2608045,,,,,PUB-FB-17_30-66,2608045 - Kiri+Evan - No te voy a mentir.jpeg,Facebook,1036844829507460_122151379047072582,122151379011072582,https://www.facebook.com/122146890051072582/posts/122151379047072582,2026-08-29,10:00,,,Programada,No_inventory_match,Review,Content_Inventory.csv + Publication_Log.csv,No matching inventory row by normalized numeric key; preserve as alias gap and do not create CNT.,17_30_inventory_gap,"Cross-check exact filename/Drive/Meta; if no evidence, keep Review without CNT creation.",17_30_inventory_gap,"Cross-check exact filename/Drive/Meta; if no evidence, keep Review without CNT creation."
ALIAS-0081,2608047,,,,,PUB-FB-17_30-68,2608047 - Kael - Inolerancia a la lactosa.jpeg,Facebook,1036844829507460_122151379203072582,122151379173072582,https://www.facebook.com/122146890051072582/posts/122151379203072582,2026-08-29,13:30,,,Programada,No_inventory_match,Review,Content_Inventory.csv + Publication_Log.csv,No matching inventory row by normalized numeric key; preserve as alias gap and do not create CNT.,17_30_inventory_gap,"Cross-check exact filename/Drive/Meta; if no evidence, keep Review without CNT creation.",17_30_inventory_gap,"Cross-check exact filename/Drive/Meta; if no evidence, keep Review without CNT creation."
ALIAS-0083,2608054,,,,,PUB-FB-17_30-70,2608054 - Maeve - Salgamos a hablar de todo.jpeg,Facebook,1036844829507460_122151379371072582,122151379341072582,https://www.facebook.com/122146890051072582/posts/122151379371072582,2026-08-30,10:00,,,Programada,No_inventory_match,Review,Content_Inventory.csv + Publication_Log.csv,No matching inventory row by normalized numeric key; preserve as alias gap and do not create CNT.,17_30_inventory_gap,"Cross-check exact filename/Drive/Meta; if no evidence, keep Review without CNT creation.",17_30_inventory_gap,"Cross-check exact filename/Drive/Meta; if no evidence, keep Review without CNT creation."
ALIAS-0085,2608051,,,,,PUB-FB-17_30-72,2608051 - Universe - Mi unico defecto es que me gusta cger.jpeg,Facebook,1036844829507460_122151379545072582,122151379515072582,https://www.facebook.com/122146890051072582/posts/122151379545072582,2026-08-30,16:00,,,Programada,No_inventory_match,Review,Content_Inventory.csv + Publication_Log.csv,No matching inventory row by normalized numeric key; preserve as alias gap and do not create CNT.,17_30_inventory_gap,"Cross-check exact filename/Drive/Meta; if no evidence, keep Review without CNT creation.",17_30_inventory_gap,"Cross-check exact filename/Drive/Meta; if no evidence, keep Review without CNT creation."
ALIAS-0086,260617,,,,,PUB-FB-17_30-73,260617 - Elara+Kael.png,Facebook,1036844829507460_122151379623072582,122151379587072582,https://www.facebook.com/122146890051072582/posts/122151379623072582,2026-08-30,19:00,,,Programada,No_inventory_match,Review,Content_Inventory.csv + Publication_Log.csv,No matching inventory row by normalized numeric key; preserve as alias gap and do not create CNT.,17_30_inventory_gap,"Cross-check exact filename/Drive/Meta; if no evidence, keep Review without CNT creation.",17_30_inventory_gap,"Cross-check exact filename/Drive/Meta; if no evidence, keep Review without CNT creation."
