Fecha,Día,Hora,Tipo_Contenido,Archivo,Personajes,Caption,Estado,Plataforma,Nota,Meta_Photo_ID,Meta_Post_ID,Programado_Local,Drive_Archivado,IG_Container_ID,IG_Media_ID,IG_Permalink,IG_Estado,IG_Publicado_Local
2026-08-15,Sábado,10:00,Nueva,2608030 - Universe - Que fibra tomas pa cagarla tanto.jpeg,Universe,¿Qué fibra tomas para cagarla tanto? 🐈 #UniverseSentMe #UniverseUSM #MemesUSM,PROGRAMADA,Facebook; Instagram selectivo,Nuevo; remate inmediato y legible; evitar explicar el texto visual.,122150559393072582,1036844829507460_122150559441072582,2026-08-15T10:00:00-06:00,"08 Agosto — original movido, sin copia",,,,,
2026-08-15,Sábado,11:00,Reuse_Approved_User_Context,260583 - Universe.png,Universe,😼 #UniverseSentMe #UniverseUSM #MemesUSM,PROGRAMADA,Facebook,Reuse manual aprobado; conservar contexto original y verificar que no haya publicación reciente. Prueba controlada Instagram exitosa; PPA no bloqueó esta publicación.,122150559555072582,1036844829507460_122150559591072582,2026-08-15T11:00:00-06:00,"08 Agosto — original movido, sin copia",17976335523089880,18105410684129991,https://www.instagram.com/p/DcDHxq5AMHh/,PUBLICADA_PRUEBA,2026-08-14T23:19:29-06:00
2026-08-15,Sábado,13:30,Nueva,2608033 - Fantasma - vendra primero mi boda o jesus.jpeg,Fantasma,La pregunta importante del día. 👻 #UniverseSentMe #FantasmaUSM #MemesUSM,PROGRAMADA,Facebook; Instagram selectivo,Nuevo; humor absurdo y pregunta clara. Revisar ortografía final del asset antes de programar.,122150559639072582,1036844829507460_122150559693072582,2026-08-15T13:30:00-06:00,"08 Agosto — original movido, sin copia",,,,,
2026-08-15,Sábado,19:00,Reuse_Approved_User_Context,260539 - Evan+Kiri.png,Evan + Kiri,🫣🫣 #UniverseSentMe #EvanUSM #KiriUSM,PROGRAMADA,Facebook; Instagram solo tras revisión,Reuse manual con doble sentido/sexualización válida; mantener contexto y no impulsar con pauta.,122150559729072582,1036844829507460_122150559765072582,2026-08-15T19:00:00-06:00,"08 Agosto — original movido, sin copia",,,,,
2026-08-16,Domingo,10:00,Nueva,2608037- Universe - soñe que era un litrro de agua.jpeg,Universe,Necesito hidratarme hasta en los sueños. 💧 #UniverseSentMe #UniverseUSM #MemesUSM,PROGRAMADA,Facebook; Instagram selectivo,Nuevo; pieza visual de Universe y gag reconocible para la mañana.,122150559807072582,1036844829507460_122150559873072582,2026-08-16T10:00:00-06:00,"08 Agosto — original movido, sin copia",,,,,
2026-08-16,Domingo,13:30,Reuse_Approved_User_Context,260673 - Universe.png,Universe,😐 #UniverseSentMe #UniverseUSM #MemesUSM,PROGRAMADA,Facebook,Reuse manual aprobado; copy mínimo para dejar que el visual cargue el remate.,122150559921072582,1036844829507460_122150559981072582,2026-08-16T13:30:00-06:00,"08 Agosto — original movido, sin copia",,,,,
2026-08-16,Domingo,16:00,Nueva,2608036- Elara+Evan - Nadie nos soporta.jpeg,Elara + Evan,Cuando hasta ustedes dos saben que son demasiado. 😅 #UniverseSentMe #ElaraUSM #EvanUSM,PROGRAMADA,Facebook; Instagram selectivo,Nuevo; formato de pareja y humor relatable para la tarde.,122150560041072582,1036844829507460_122150560083072582,2026-08-16T16:00:00-06:00,"08 Agosto — original movido, sin copia",,,,,
2026-08-16,Domingo,19:00,Nueva,2608060 - Kael+Maeve - gustos salvajones.jpeg,Kael + Maeve,"No tenemos gustos raros, tenemos gustos salvajones. 😏 #UniverseSentMe #MaeveUSM #MemesUSM",PROGRAMADA,Facebook; Instagram selectivo,Nuevo; reservar para la transición nocturna y revisar contexto de pareja.,122150560143072582,1036844829507460_122150560215072582,2026-08-16T19:00:00-06:00,"08 Agosto — original movido, sin copia",,,,,
2026-08-16,Domingo,22:00,Reuse_Approved_User_Context,humor4.16.png,Según asset,🫣🫣 #UniverseSentMe #MemesUSM,PROGRAMADA,Facebook; Instagram solo tras revisión,Reuse manual con contexto sexualizado; domingo estelar y horario nocturno. No combinar con otra pieza sexualizada cercana.,122150560341072582,1036844829507460_122150560383072582,2026-08-16T22:00:00-06:00,"08 Agosto — original movido, sin copia",,,,,
