asset_ref,filename,personajes,titulo,drive_id,mimeType,modifiedTime,size,webViewLink,md5Checksum,estado,fuente
2608027,2608027.jpeg,,,1CRelpkyI-Y9zdp8qQ2kGBDCdX3XlD9VL,image/jpeg,2026-08-10T05:40:24.061Z,2770934,https://drive.google.com/file/d/1CRelpkyI-Y9zdp8qQ2kGBDCdX3XlD9VL/view?usp=drivesdk,495e77cfa5ce243fdd8c552cf9c04e90,Nuevo_Pendiente_Revision,Google Drive / Humor existencial raíz
2608028,2608028 - Universe -  El amor esta en todos lados.png,Universe, El amor esta en todos lados,1OMQislufbj5TEThH37s0GnpirN2ffwuy,image/png,2026-08-14T03:46:55.236Z,6295580,https://drive.google.com/file/d/1OMQislufbj5TEThH37s0GnpirN2ffwuy/view?usp=drivesdk,b7da5670f3258a49190659dea9ce9c89,Nuevo_Pendiente_Revision,Google Drive / Humor existencial raíz
2608029,2608029 - Wilfred - Quiero loquiar.jpeg,Wilfred,Quiero loquiar,1hmJCzpO7HFnRB3vs0cxVoFglhcfYtQN7,image/jpeg,2026-08-14T01:13:55.715Z,2915574,https://drive.google.com/file/d/1hmJCzpO7HFnRB3vs0cxVoFglhcfYtQN7/view?usp=drivesdk,cbeb8e152a9dcd43748b141c64427562,Nuevo_Pendiente_Revision,Google Drive / Humor existencial raíz
2608030,2608030 - Universe - Que fibra tomas pa cagarla tanto.jpeg,Universe,Que fibra tomas pa cagarla tanto,1qiqa3QReNG3HuholxQsepFN9eDMZTY0c,image/jpeg,2026-08-14T01:21:06.220Z,275545,https://drive.google.com/file/d/1qiqa3QReNG3HuholxQsepFN9eDMZTY0c/view?usp=drivesdk,978f9c46692b084325cbf530584d05dd,Nuevo_Pendiente_Revision,Google Drive / Humor existencial raíz
2608031,2608031 - Maeve+Silvio - Risas falsas.jpeg,Maeve+Silvio,Risas falsas,1ObiaHe3HCIXb1rAsjTm75kiE0VWkZq7f,image/jpeg,2026-08-14T01:30:41.891Z,2678904,https://drive.google.com/file/d/1ObiaHe3HCIXb1rAsjTm75kiE0VWkZq7f/view?usp=drivesdk,cd83805c6e0cdce5468bdc4288fbc214,Nuevo_Pendiente_Revision,Google Drive / Humor existencial raíz
2608032,2608032 - Kiri - Para romper el echizo tendras que besarla en los labios.jpeg,Kiri,Para romper el echizo tendras que besarla en los labios,1PshndH_yv6QFmQeM7sMxpx9E6X2c0Ph6,image/jpeg,2026-08-14T01:37:01.413Z,2900055,https://drive.google.com/file/d/1PshndH_yv6QFmQeM7sMxpx9E6X2c0Ph6/view?usp=drivesdk,64d0f29bc0513ba16298dd6ef0df4b3d,Nuevo_Pendiente_Revision,Google Drive / Humor existencial raíz
2608033,2608033 - Fantasma - vendra primero mi boda o jesus.jpeg,Fantasma,vendra primero mi boda o jesus,1BPIL_PlooeaozXKFQASEBKBG6XS6QOsX,image/jpeg,2026-08-14T03:00:09.101Z,2670343,https://drive.google.com/file/d/1BPIL_PlooeaozXKFQASEBKBG6XS6QOsX/view?usp=drivesdk,cda4130871ff1d54d2b9013586cb35d5,Nuevo_Pendiente_Revision,Google Drive / Humor existencial raíz
2608034,2608034- Elara - uno debe ser chismoso.jpeg,Elara,uno debe ser chismoso,1jkOakhil7LbJVHxHPvx8Alladlc5W8XT,image/jpeg,2026-08-14T03:05:09.018Z,2543382,https://drive.google.com/file/d/1jkOakhil7LbJVHxHPvx8Alladlc5W8XT/view?usp=drivesdk,e205096a07e7a8121ec7359689357099,Nuevo_Pendiente_Revision,Google Drive / Humor existencial raíz
2608035,2608035- Maeve - La necesidad de enloquecer.jpeg,Maeve,La necesidad de enloquecer,1WBg2eRAYY-ihxyByC51lznBtdvklLA0_,image/jpeg,2026-08-14T03:19:05.523Z,2761320,https://drive.google.com/file/d/1WBg2eRAYY-ihxyByC51lznBtdvklLA0_/view?usp=drivesdk,79309a46f295280c7f8005e76687c435,Nuevo_Pendiente_Revision,Google Drive / Humor existencial raíz
2608036,2608036- Elara+Evan - Nadie nos soporta.jpeg,Elara+Evan,Nadie nos soporta,1dM9LAsLF04If5MY3azfiFkIiUeLn-rBD,image/jpeg,2026-08-14T03:24:00.773Z,2432418,https://drive.google.com/file/d/1dM9LAsLF04If5MY3azfiFkIiUeLn-rBD/view?usp=drivesdk,9b1935d50477d6ebf9533a9eabb0953d,Nuevo_Pendiente_Revision,Google Drive / Humor existencial raíz
2608037,2608037- Universe - soñe que era un litrro de agua.jpeg,Universe,soñe que era un litrro de agua,1crVxp8PdaxYw2cy3tb5QQi_dSuxI9aYa,image/jpeg,2026-08-14T03:26:49.603Z,2200019,https://drive.google.com/file/d/1crVxp8PdaxYw2cy3tb5QQi_dSuxI9aYa/view?usp=drivesdk,3b6e18f18528289f421255af0767489a,Nuevo_Pendiente_Revision,Google Drive / Humor existencial raíz
2608038,2608038- Ganso - Mejor pudriendome en dinero.jpeg,Ganso,Mejor pudriendome en dinero,1Xk_RJhy4AyMfLGYMC0f1SU1XX8fLy0Yx,image/jpeg,2026-08-14T03:51:59.782Z,2090805,https://drive.google.com/file/d/1Xk_RJhy4AyMfLGYMC0f1SU1XX8fLy0Yx/view?usp=drivesdk,1c57bc4c700588a47b2d6b46725f04ec,Nuevo_Pendiente_Revision,Google Drive / Humor existencial raíz
2608040,2608040- Wilfred - el universo me susurro en sueños.jpeg,Wilfred,el universo me susurro en sueños,19x4tHw5kf7Bpr44GsP-iYVY_CUkKm3S0,image/jpeg,2026-08-14T04:04:42.113Z,2835036,https://drive.google.com/file/d/19x4tHw5kf7Bpr44GsP-iYVY_CUkKm3S0/view?usp=drivesdk,473388120817023eab9b28bf718291fb,Nuevo_Pendiente_Revision,Google Drive / Humor existencial raíz
2608041,2608041 - Maeve+kael - No me averguenza amar.jpeg,Maeve+kael,No me averguenza amar,1w_hfeLqc6GIJMAIQxDAYhNwvGGVYW9-R,image/jpeg,2026-08-14T04:10:19.612Z,2533565,https://drive.google.com/file/d/1w_hfeLqc6GIJMAIQxDAYhNwvGGVYW9-R/view?usp=drivesdk,fba176a79e442865ad9dd6511d15a6c2,Nuevo_Pendiente_Revision,Google Drive / Humor existencial raíz
2608042,2608042 - Maeve+kael - Te quiero besiquiar.jpeg,Maeve+kael,Te quiero besiquiar,1Ivlhuok1wM67pH_v4GKtkK3jmImgEy69,image/jpeg,2026-08-15T01:48:03.912Z,2099844,https://drive.google.com/file/d/1Ivlhuok1wM67pH_v4GKtkK3jmImgEy69/view?usp=drivesdk,057e6530212a78520cc328c6f008f452,Nuevo_Pendiente_Revision,Google Drive / Humor existencial raíz
2608043,2608043 - Maeve - No te pedi que me revivieras.jpeg,Maeve,No te pedi que me revivieras,1NxhqrMWz_poAhV56UGqaOXyWzGXHYckC,image/jpeg,2026-08-15T02:04:14.313Z,2360195,https://drive.google.com/file/d/1NxhqrMWz_poAhV56UGqaOXyWzGXHYckC/view?usp=drivesdk,033bf6f2f45ed436a877a2ade6d3295f,Nuevo_Pendiente_Revision,Google Drive / Humor existencial raíz
2608044,2608044 - Silvio - Sabra dios cuantos ligues.jpeg,Silvio,Sabra dios cuantos ligues,17Xt4bM4aW8GAexJV3CsZ6YeJqNP1rzlj,image/jpeg,2026-08-15T02:03:00.787Z,2366157,https://drive.google.com/file/d/17Xt4bM4aW8GAexJV3CsZ6YeJqNP1rzlj/view?usp=drivesdk,4a51e0d62192ba71311d6ec56b081b04,Nuevo_Pendiente_Revision,Google Drive / Humor existencial raíz
2608045,2608045 - Kiri+Evan - No te voy a mentir.jpeg,Kiri+Evan,No te voy a mentir,1D1CSEnmeeJk-xhhh7lSKAj-zTnIwAw0f,image/jpeg,2026-08-15T02:06:56.902Z,2118055,https://drive.google.com/file/d/1D1CSEnmeeJk-xhhh7lSKAj-zTnIwAw0f/view?usp=drivesdk,9bcc6749209ba1485c72a1b26a62af2e,Nuevo_Pendiente_Revision,Google Drive / Humor existencial raíz
2608046,2608046 - Universe - Mis firmas no se parecen.jpeg,Universe,Mis firmas no se parecen,1PNkHfF94nsAWjERNaR_hrJr8xSCOJFNf,image/jpeg,2026-08-15T02:20:02.508Z,2642577,https://drive.google.com/file/d/1PNkHfF94nsAWjERNaR_hrJr8xSCOJFNf/view?usp=drivesdk,a824c633df786455042f85f81bb5d26e,Nuevo_Pendiente_Revision,Google Drive / Humor existencial raíz
2608047,2608047 - Kael - Inolerancia a la lactosa.jpeg,Kael,Inolerancia a la lactosa,1KiPl-GFZXmmNkO5uCnodg7wvOVkOTjqS,image/jpeg,2026-08-15T02:19:47.512Z,2288836,https://drive.google.com/file/d/1KiPl-GFZXmmNkO5uCnodg7wvOVkOTjqS/view?usp=drivesdk,d964166ed07fcc6d9ded640e92b81903,Nuevo_Pendiente_Revision,Google Drive / Humor existencial raíz
2608048,2608048 - Universe - Inalcanzable para todos.jpeg,Universe,Inalcanzable para todos,16LU5FAoBi8xydRNyAOeFZZW2Gf-0nxZR,image/jpeg,2026-08-15T02:21:12.226Z,2209184,https://drive.google.com/file/d/16LU5FAoBi8xydRNyAOeFZZW2Gf-0nxZR/view?usp=drivesdk,81d9869697730efd99c41c28033ae73a,Nuevo_Pendiente_Revision,Google Drive / Humor existencial raíz
2608049,2608049 - Elara - Tibio tu cafe.jpeg,Elara,Tibio tu cafe,1Y1UTctG6SMoUTCpThHJbPVEGXmMmOwiA,image/jpeg,2026-08-15T02:36:58.641Z,2642784,https://drive.google.com/file/d/1Y1UTctG6SMoUTCpThHJbPVEGXmMmOwiA/view?usp=drivesdk,03a420ad1ca9ac233888af7f165e90d6,Nuevo_Pendiente_Revision,Google Drive / Humor existencial raíz
2608050,2608050 - Universe - A ponerse en forma.jpeg,Universe,A ponerse en forma,1B9GdRzUTIJOIBOJrgoQ0DYKToP3ei27b,image/jpeg,2026-08-15T02:42:16.391Z,517535,https://drive.google.com/file/d/1B9GdRzUTIJOIBOJrgoQ0DYKToP3ei27b/view?usp=drivesdk,5a05d1e6660ce6ffdde2492f7b592ed4,Nuevo_Pendiente_Revision,Google Drive / Humor existencial raíz
2608051,2608051 - Universe - Mi unico defecto es que me gusta cger.jpeg,Universe,Mi unico defecto es que me gusta cger,17FdxaWOE8m35r78eIqtPzXP7YvUWn7M-,image/jpeg,2026-08-15T03:01:13.567Z,3298946,https://drive.google.com/file/d/17FdxaWOE8m35r78eIqtPzXP7YvUWn7M-/view?usp=drivesdk,c227090a0d02cf33c7449655e38c499c,Nuevo_Pendiente_Revision,Google Drive / Humor existencial raíz
2608052,2608052 - Evan - Yo confiando en Google Maps.jpeg,Evan,Yo confiando en Google Maps,1xjqD0PgX-Q42RAIEmfJu9H3RvNDWwU73,image/jpeg,2026-08-15T03:03:27.392Z,2217799,https://drive.google.com/file/d/1xjqD0PgX-Q42RAIEmfJu9H3RvNDWwU73/view?usp=drivesdk,b4f7807f8d701ce4fbd87abb7c3faa17,Nuevo_Pendiente_Revision,Google Drive / Humor existencial raíz
2608053,2608053 - Universe - Quieras o no.jpeg,Universe,Quieras o no,1hZbZKgRMsZ6oPmT8dwR1CCKZFMxVd9_N,image/jpeg,2026-08-15T03:05:42.719Z,3127482,https://drive.google.com/file/d/1hZbZKgRMsZ6oPmT8dwR1CCKZFMxVd9_N/view?usp=drivesdk,efbc39bd9458d177a495e2d7f9ef96aa,Nuevo_Pendiente_Revision,Google Drive / Humor existencial raíz
2608054,2608054 - Maeve - Salgamos a hablar de todo.jpeg,Maeve,Salgamos a hablar de todo,1CCzD_SGKVxkYvHgCitkrVOaooZimrtb-,image/jpeg,2026-08-15T03:08:37.878Z,2013328,https://drive.google.com/file/d/1CCzD_SGKVxkYvHgCitkrVOaooZimrtb-/view?usp=drivesdk,378049a08fcc7d283c42c2e863da4af3,Nuevo_Pendiente_Revision,Google Drive / Humor existencial raíz
2608055,2608055 - Kiri - Parezco normal.jpeg,Kiri,Parezco normal,1nx_gBnzXFbrT46UYJmmJoIT5WKinULos,image/jpeg,2026-08-15T03:11:09.225Z,1991864,https://drive.google.com/file/d/1nx_gBnzXFbrT46UYJmmJoIT5WKinULos/view?usp=drivesdk,7730a1bf2f8f5c2e0d4b021a78d78dc8,Nuevo_Pendiente_Revision,Google Drive / Humor existencial raíz
2608056,2608056 - Wilfred - Analize tu contexto.jpeg,Wilfred,Analize tu contexto,1kKQ9a_E6M-HHiqls7EjHXorRsIPzc9vj,image/jpeg,2026-08-15T03:13:21.614Z,2834450,https://drive.google.com/file/d/1kKQ9a_E6M-HHiqls7EjHXorRsIPzc9vj/view?usp=drivesdk,e3bd15dff8f0caed422567666fa5addc,Nuevo_Pendiente_Revision,Google Drive / Humor existencial raíz
2608057,2608057 - Fantasma - Sabes que me caeria bien.jpeg,Fantasma,Sabes que me caeria bien,1yY36gmw6u7VQSEuHxsTHPtzgGd7T6T57,image/jpeg,2026-08-15T03:16:31.870Z,2525676,https://drive.google.com/file/d/1yY36gmw6u7VQSEuHxsTHPtzgGd7T6T57/view?usp=drivesdk,e5144b4f4bcebae6e45f0918902193e2,Nuevo_Pendiente_Revision,Google Drive / Humor existencial raíz
2608058,2608058 - Silvio - Tiene que dar tranquilidad.jpeg,Silvio,Tiene que dar tranquilidad,11yMD_hL4ugmNQu0l1yAT5pHXxtZi6R1y,image/jpeg,2026-08-15T03:20:39.870Z,2957176,https://drive.google.com/file/d/11yMD_hL4ugmNQu0l1yAT5pHXxtZi6R1y/view?usp=drivesdk,3aa96a1ea5efd6701ceae758d48c44ab,Nuevo_Pendiente_Revision,Google Drive / Humor existencial raíz
2608059,2608059 - Kael - Si la vida te da limones.jpeg,Kael,Si la vida te da limones,1c31wG8XsHh8nVGswAS6qgwriJtVZehnt,image/jpeg,2026-08-15T03:23:12.695Z,2108299,https://drive.google.com/file/d/1c31wG8XsHh8nVGswAS6qgwriJtVZehnt/view?usp=drivesdk,2239cc3d1f06cf0a9a53aca859ce33e2,Nuevo_Pendiente_Revision,Google Drive / Humor existencial raíz
2608060,2608060 - Kael+Maeve - gustos salvajones.jpeg,Kael+Maeve,gustos salvajones,1FaRLXsAkB7pS67-w1pN4o6yDQcWyDh2l,image/jpeg,2026-08-15T03:26:30.975Z,2568173,https://drive.google.com/file/d/1FaRLXsAkB7pS67-w1pN4o6yDQcWyDh2l/view?usp=drivesdk,1fdf207718e93980cf91f50370f82262,Nuevo_Pendiente_Revision,Google Drive / Humor existencial raíz
2608061,2608061 - Fantasma - acaso parezco alguien que quiere ser genial.jpeg,Fantasma,acaso parezco alguien que quiere ser genial,1TSf7ylzn8M14gNqUg87ARDcejBo3m6GK,image/jpeg,2026-08-15T03:36:45.312Z,547623,https://drive.google.com/file/d/1TSf7ylzn8M14gNqUg87ARDcejBo3m6GK/view?usp=drivesdk,d347caa9b402bd3d915f7cc590f0ed8e,Nuevo_Pendiente_Revision,Google Drive / Humor existencial raíz
2608062,2608062 - Kiri+Evan - prestame el marron.jpeg,Kiri+Evan,prestame el marron,10fDDVon1sa0h9fk7uVfRkNU4Wz66rpTe,image/jpeg,2026-08-15T03:42:54.507Z,2251789,https://drive.google.com/file/d/10fDDVon1sa0h9fk7uVfRkNU4Wz66rpTe/view?usp=drivesdk,93ce006fe1c9a1f79ec62ea290b262ca,Nuevo_Pendiente_Revision,Google Drive / Humor existencial raíz
2608063,2608063 - Universe - Larga vida a esas mujeres.jpeg,Universe,Larga vida a esas mujeres,1tqSd44quWVGE1DAxEMXubCkhwrOXIE8l,image/jpeg,2026-08-15T03:49:26.625Z,725881,https://drive.google.com/file/d/1tqSd44quWVGE1DAxEMXubCkhwrOXIE8l/view?usp=drivesdk,ac1f986c49c90e284d9b93f9726605f9,Nuevo_Pendiente_Revision,Google Drive / Humor existencial raíz
2608064,2608064 - Universe - Quieren hacer pendejo al que nacio asi.jpeg,Universe,Quieren hacer pendejo al que nacio asi,1pobDeNctju8fvKuMr5G_UYFP_3kZhveG,image/jpeg,2026-08-15T04:26:17.333Z,858503,https://drive.google.com/file/d/1pobDeNctju8fvKuMr5G_UYFP_3kZhveG/view?usp=drivesdk,02f38895ed6c5baa9324dc68199081ed,Nuevo_Pendiente_Revision,Google Drive / Humor existencial raíz
2608065,2608065 - Fantasma - Pedazo de socrates.jpeg,Fantasma,Pedazo de socrates,19w2ShwavNcAS4YDdY7pH4XYqtktLcSN-,image/jpeg,2026-08-15T04:30:21.424Z,847682,https://drive.google.com/file/d/19w2ShwavNcAS4YDdY7pH4XYqtktLcSN-/view?usp=drivesdk,600e51f7fb72c28b6cf5ed9f720b7461,Nuevo_Pendiente_Revision,Google Drive / Humor existencial raíz
260661,Universe - Existencial 260661.png,Wilfred,Tengo memes prohibidos de páginas que la gente teme visitar,17hUIV21cMGCpVTR_BcHYVk_GonanVQVi,image/png,2026-05-30T20:06:05.517Z,2194143,https://drive.google.com/file/d/17hUIV21cMGCpVTR_BcHYVk_GonanVQVi/view?usp=drivesdk,,Aprobado_Calendario_Pendiente_Programacion,Google Drive / Humor existencial raíz
2607831,Universe - Existencial 2607831.png,Kiri,Ya llegará con quien esconder un pollo asado en el cine,1T4q8CIhYOt8Wl1ZsJDDWZgTW_GjAGIeA,image/png,2026-06-29T01:59:29.029Z,2122127,https://drive.google.com/file/d/1T4q8CIhYOt8Wl1ZsJDDWZgTW_GjAGIeA/view?usp=drivesdk,,Aprobado_Calendario_Pendiente_Programacion,Google Drive / Humor existencial raíz
