Observacion_ID,Experiment_ID,Hypothesis_ID,Nivel,Fecha_Inicio,Fecha_Fin,Contenido_Referencia,Plataforma,Formato,Tipo_Contenido,Posts_N,Interacciones_Totales,Interacciones_Dia,Mediana_Interacciones,Shares_Interacciones,Slot_Planeado,Hora_Real,Meta_ID,Interacciones_24h,Interacciones_72h,Estado_Canon,Estado_Publicacion,Veredicto,Conclusion,Proxima_Accion,Fuente
OBS-HB005-JUN14,EXP-2026-08-BASELINE-01,HB-005,Cohorte,2026-06-01,2026-06-14,Facebook primeros 14 días de junio,Facebook,Foto/meme,Histórica,133,6865,490.36,7,20.48,,,,,,No_aplica,Cerrada,Baseline,"Frecuencia alta, pero rendimiento típico bajo por publicación.",Usar como referencia histórica; no tratar junio como mejor mes por pieza.,2026-08-14_Comparativo_Desempeno_Junio_Julio_Agosto.md
OBS-HB005-JUL14,EXP-2026-08-BASELINE-01,HB-005,Cohorte,2026-07-01,2026-07-14,Facebook primeros 14 días de julio,Facebook,Foto/meme,Histórica,94,22324,1594.57,41,23.85,,,,,,No_aplica,Cerrada,Baseline_Referencia,Julio fue el mejor periodo de los tres en total diario y mediana por pieza.,Usar como referencia principal frente al experimento de agosto.,2026-08-14_Comparativo_Desempeno_Junio_Julio_Agosto.md
OBS-HB005-AUG14,EXP-2026-08-BASELINE-01,HB-005,Cohorte,2026-08-01,2026-08-14,Facebook primeros 14 días de agosto,Facebook,Foto/meme,Histórica,64,12293,878.07,29,28.61,,,,,,No_aplica,Cerrada,Resultado_Comparativo,"Agosto cae frente a julio, pero permanece por encima de junio por publicación y no está en picada respecto a junio.",Probar frecuencia ampliada sin confundirla con calidad o reuse.,2026-08-14_Comparativo_Desempeno_Junio_Julio_Agosto.md
OBS-HB003-AUG04_09,EXP-2026-08-BASELINE-02,HB-003,Cohorte,2026-08-04,2026-08-09,Facebook 4–9 de agosto,Facebook,Foto/meme,Histórica,33,,,,,Mixto,,,,,No_aplica,Cerrada,Baseline_Horaria,Mediana observada de 26; periodo mezclado con cambios de contenido y reuse.,Comparar con 10–14 de agosto sin declarar causalidad.,2026-08-14_Integracion_Growth_OS.md
OBS-HB003-AUG10_14,EXP-2026-08-BASELINE-02,HB-003,Cohorte,2026-08-10,2026-08-14,Facebook 10–14 de agosto,Facebook,Foto/meme,Histórica,17,,,,,Mixto,,,,,No_aplica,Cerrada,Señal_Preliminar,"Mediana observada de 37 frente a 26; la diferencia es compatible con la ampliación horaria, pero está confundida por día, personaje y mezcla.",Mantener HB-003 en prueba dentro del calendario 17–30.,2026-08-14_Integracion_Growth_OS.md
OBS-HB004-AUG04_09,EXP-2026-08-BASELINE-03,HB-004,Cohorte,2026-08-04,2026-08-09,Facebook calendario 4–9 de agosto,Facebook,Foto/meme,Reuse_Mix,32,,,,,Mixto,,,,,No_aplica,Cerrada,Inconcluso,"Se observaron al menos 14 reuse sobre aproximadamente 32 publicaciones; la concentración es compatible con fatiga, pero no prueba causalidad.",Comparar Reuse_Top frente a Nueva en la prueba 62/38.,2026-08-14_Comparativo_Desempeno_Junio_Julio_Agosto.md
OBS-FB-15_16-01,EXP-2026-08-CAL-01,HB-003|HB-004|HB-005,Publicacion,2026-08-15,2026-08-15,2608030 - Universe - Que fibra tomas pa cagarla tanto.jpeg,Facebook,Imagen estática,Nueva,1,,,,,10:00,10:00:22,1036844829507460_122150559441072582,,,Aprobado,Publicado,Pendiente_24h,Publicación real confirmada por Meta Graph API y reconciliada con CNT-031; aún sin métricas de 24/72 horas. Extracción 2026-08-15T21:59:37Z: ninguna ventana 24/72h elegible; evidencia Operations/Research/2026-08-15_Metricas_24_72_Extraccion_01.json; métricas no estimadas. [METRICS-RUN:20260817T034500Z] 2026-08-17T03:37:53.126815+00:00: 24h due; 24h_snapshot_unavailable; Meta response contains current lifetime totals only; no exact 24h/72h snapshot written. [METRICS-RUN:P0-2026-08-19-NEXT] 2026-08-19T03:13:31.507527+00:00: 72h due; 72h_snapshot_unavailable; Meta response contains current lifetime totals only; no exact 24h/72h snapshot written.,Extraer métricas 24h y 72h; después actualizar el veredicto por hipótesis. Revisar en el siguiente lote de 48 horas.,2026-08-15_Calendario_15_16_Agosto.csv
OBS-FB-15_16-02,EXP-2026-08-CAL-01,HB-003|HB-004|HB-005,Publicacion,2026-08-15,2026-08-15,260583 - Universe.png,Facebook,Imagen estática,Reuse_Approved_User_Context,1,,,,,11:00,11:00:05,1036844829507460_122150559591072582,,,Aprobado,Publicado,Pendiente_24h,Publicación real confirmada por Meta Graph API y reconciliada con CNT-032; aún sin métricas de 24/72 horas. Extracción 2026-08-15T21:59:37Z: ninguna ventana 24/72h elegible; evidencia Operations/Research/2026-08-15_Metricas_24_72_Extraccion_01.json; métricas no estimadas. [METRICS-RUN:20260817T034500Z] 2026-08-17T03:37:53.126815+00:00: 24h due; 24h_snapshot_unavailable; Meta response contains current lifetime totals only; no exact 24h/72h snapshot written. [METRICS-RUN:P0-2026-08-19-NEXT] 2026-08-19T03:13:31.507527+00:00: 72h due; 72h_snapshot_unavailable; Meta response contains current lifetime totals only; no exact 24h/72h snapshot written.,Extraer métricas 24h y 72h; después actualizar el veredicto por hipótesis. Revisar en el siguiente lote de 48 horas.,2026-08-15_Calendario_15_16_Agosto.csv
OBS-FB-15_16-03,EXP-2026-08-CAL-01,HB-003|HB-004|HB-005,Publicacion,2026-08-15,2026-08-15,2608033 - Fantasma - vendra primero mi boda o jesus.jpeg,Facebook,Imagen estática,Nueva,1,,,,,13:30,13:30:00,1036844829507460_122150559693072582,,,Aprobado,Publicado,Pendiente_24h,Publicación real confirmada por Meta Graph API y reconciliada con CNT-033; aún sin métricas de 24/72 horas. Extracción 2026-08-15T21:59:37Z: ninguna ventana 24/72h elegible; evidencia Operations/Research/2026-08-15_Metricas_24_72_Extraccion_01.json; métricas no estimadas. [METRICS-RUN:20260817T034500Z] 2026-08-17T03:37:53.126815+00:00: 24h due; 24h_snapshot_unavailable; Meta response contains current lifetime totals only; no exact 24h/72h snapshot written. [METRICS-RUN:P0-2026-08-19-NEXT] 2026-08-19T03:13:31.507527+00:00: 72h due; 72h_snapshot_unavailable; Meta response contains current lifetime totals only; no exact 24h/72h snapshot written.,Extraer métricas 24h y 72h; después actualizar el veredicto por hipótesis. Revisar en el siguiente lote de 48 horas.,2026-08-15_Calendario_15_16_Agosto.csv
OBS-FB-15_16-04,EXP-2026-08-CAL-01,HB-003|HB-004|HB-005,Publicacion,2026-08-15,2026-08-15,260539 - Evan+Kiri.png,Facebook,Imagen estática,Reuse_Approved_User_Context,1,,,,,19:00,19:00:00,1036844829507460_122150559765072582,,,Aprobado,Publicado,Pendiente_24h,Publicación real confirmada por Meta Graph API y reconciliada con CNT-034; aún sin métricas de 24/72 horas. Extracción 2026-08-15T21:59:37Z: ninguna ventana 24/72h elegible; evidencia Operations/Research/2026-08-15_Metricas_24_72_Extraccion_01.json; métricas no estimadas. [METRICS-RUN:20260817T034500Z] 2026-08-17T03:37:53.126815+00:00: 24h due; 24h_snapshot_unavailable; Meta response contains current lifetime totals only; no exact 24h/72h snapshot written. [METRICS-RUN:P0-2026-08-19-NEXT] 2026-08-19T03:13:31.507527+00:00: 72h due; 72h_snapshot_unavailable; Meta response contains current lifetime totals only; no exact 24h/72h snapshot written.,Extraer métricas 24h y 72h; después actualizar el veredicto por hipótesis. Revisar en el siguiente lote de 48 horas.,2026-08-15_Calendario_15_16_Agosto.csv
OBS-FB-15_16-05,EXP-2026-08-CAL-01,HB-003|HB-004|HB-005,Publicacion,2026-08-16,2026-08-16,2608037- Universe - soñe que era un litrro de agua.jpeg,Facebook,Imagen estática,Nueva,1,,,,,10:00,10:00:00,1036844829507460_122150559873072582,,,Aprobado,Publicado,Pendiente_24h,Publicación real confirmada por Meta Graph API y reconciliada con CNT-035; aún sin métricas de 24/72 horas. Extracción 2026-08-15T21:59:37Z: ninguna ventana 24/72h elegible; evidencia Operations/Research/2026-08-15_Metricas_24_72_Extraccion_01.json; métricas no estimadas. [METRICS-RUN:P0-2026-08-19-NEXT] 2026-08-19T03:13:31.507527+00:00: 24h due; 24h_snapshot_unavailable; Meta response contains current lifetime totals only; no exact 24h/72h snapshot written. [METRICS-RUN:20260823T210000Z] 2026-08-23T21:00:00+00:00: 72h due; 72h_snapshot_unavailable; Meta response contains current lifetime totals only; no exact 24h/72h snapshot written.,Extraer métricas 24h y 72h; después actualizar el veredicto por hipótesis. Revisar en el siguiente lote de 48 horas.,2026-08-15_Calendario_15_16_Agosto.csv
OBS-FB-15_16-06,EXP-2026-08-CAL-01,HB-003|HB-004|HB-005,Publicacion,2026-08-16,2026-08-16,260673 - Universe.png,Facebook,Imagen estática,Reuse_Approved_User_Context,1,,,,,13:30,13:30:00,1036844829507460_122150559981072582,,,Aprobado,Publicado,Pendiente_24h,Publicación real confirmada por Meta Graph API y reconciliada con CNT-036; aún sin métricas de 24/72 horas. Extracción 2026-08-15T21:59:37Z: ninguna ventana 24/72h elegible; evidencia Operations/Research/2026-08-15_Metricas_24_72_Extraccion_01.json; métricas no estimadas. [METRICS-RUN:P0-2026-08-19-NEXT] 2026-08-19T03:13:31.507527+00:00: 24h due; 24h_snapshot_unavailable; Meta response contains current lifetime totals only; no exact 24h/72h snapshot written. [METRICS-RUN:20260823T210000Z] 2026-08-23T21:00:00+00:00: 72h due; 72h_snapshot_unavailable; Meta response contains current lifetime totals only; no exact 24h/72h snapshot written.,Extraer métricas 24h y 72h; después actualizar el veredicto por hipótesis. Revisar en el siguiente lote de 48 horas.,2026-08-15_Calendario_15_16_Agosto.csv
OBS-FB-15_16-07,EXP-2026-08-CAL-01,HB-003|HB-004|HB-005,Publicacion,2026-08-16,2026-08-16,2608036- Elara+Evan - Nadie nos soporta.jpeg,Facebook,Imagen estática,Nueva,1,,,,,16:00,16:00:00,1036844829507460_122150560083072582,,,Aprobado,Publicado,Pendiente_24h,Publicación real confirmada por Meta Graph API y reconciliada con CNT-037; aún sin métricas de 24/72 horas. Extracción 2026-08-15T21:59:37Z: ninguna ventana 24/72h elegible; evidencia Operations/Research/2026-08-15_Metricas_24_72_Extraccion_01.json; métricas no estimadas. [METRICS-RUN:P0-2026-08-19-NEXT] 2026-08-19T03:13:31.507527+00:00: 24h due; 24h_snapshot_unavailable; Meta response contains current lifetime totals only; no exact 24h/72h snapshot written. [METRICS-RUN:20260823T210000Z] 2026-08-23T21:00:00+00:00: 72h due; 72h_snapshot_unavailable; Meta response contains current lifetime totals only; no exact 24h/72h snapshot written.,Extraer métricas 24h y 72h; después actualizar el veredicto por hipótesis. Revisar en el siguiente lote de 48 horas.,2026-08-15_Calendario_15_16_Agosto.csv
OBS-FB-15_16-08,EXP-2026-08-CAL-01,HB-003|HB-004|HB-005,Publicacion,2026-08-16,2026-08-16,2608060 - Kael+Maeve - gustos salvajones.jpeg,Facebook,Imagen estática,Nueva,1,,,,,19:00,19:00:00,1036844829507460_122150560215072582,,,Aprobado,Publicado,Pendiente_24h,Publicación real confirmada por Meta Graph API y reconciliada con CNT-038; aún sin métricas de 24/72 horas. Extracción 2026-08-15T21:59:37Z: ninguna ventana 24/72h elegible; evidencia Operations/Research/2026-08-15_Metricas_24_72_Extraccion_01.json; métricas no estimadas. [METRICS-RUN:P0-2026-08-19-NEXT] 2026-08-19T03:13:31.507527+00:00: 24h due; 24h_snapshot_unavailable; Meta response contains current lifetime totals only; no exact 24h/72h snapshot written. [METRICS-RUN:20260823T210000Z] 2026-08-23T21:00:00+00:00: 72h due; 72h_snapshot_unavailable; Meta response contains current lifetime totals only; no exact 24h/72h snapshot written.,Extraer métricas 24h y 72h; después actualizar el veredicto por hipótesis. Revisar en el siguiente lote de 48 horas.,2026-08-15_Calendario_15_16_Agosto.csv
OBS-FB-15_16-09,EXP-2026-08-CAL-01,HB-003|HB-004|HB-005,Publicacion,2026-08-16,2026-08-16,humor4.16.png,Facebook,Imagen estática,Reuse_Approved_User_Context,1,,,,,22:00,22:00:00,1036844829507460_122150560383072582,,,Aprobado,Publicado,Pendiente_24h,Publicación real confirmada por Meta Graph API y reconciliada con CNT-039; aún sin métricas de 24/72 horas. Extracción 2026-08-15T21:59:37Z: ninguna ventana 24/72h elegible; evidencia Operations/Research/2026-08-15_Metricas_24_72_Extraccion_01.json; métricas no estimadas. [METRICS-RUN:P0-2026-08-19-NEXT] 2026-08-19T03:13:31.507527+00:00: 24h due; 24h_snapshot_unavailable; Meta response contains current lifetime totals only; no exact 24h/72h snapshot written. [METRICS-RUN:20260823T210000Z] 2026-08-23T21:00:00+00:00: 72h due; 72h_snapshot_unavailable; Meta response contains current lifetime totals only; no exact 24h/72h snapshot written.,Extraer métricas 24h y 72h; después actualizar el veredicto por hipótesis. Revisar en el siguiente lote de 48 horas.,2026-08-15_Calendario_15_16_Agosto.csv
OBS-IG-15_16-01,EXP-2026-08-CAL-01,HB-003|HB-004|HB-005,Publicacion,2026-08-15,2026-08-15,2608030 - Universe - Que fibra tomas pa cagarla tanto.jpeg,Instagram,Imagen estática,Nueva,1,,,,,10:00,10:59:41,18145111759484218,,,Aprobado,Publicado,Registro_Operativo,Publicación manual confirmada en Instagram después de aprobación explícita; no demuestra programación futura nativa ni ejecución automática del scheduler.,Mantener fuera de la automatización hasta una nueva decisión; medir solo si los insights estén disponibles.,2026-08-15_Calendario_15_16_Agosto.csv; commit 1694b00
OBS-FB-17_30-01,EXP-2026-08-CAL-01,HB-003|HB-004|HB-005,Publicacion,2026-08-17,2026-08-17,260633 - Universe.png,Facebook,Imagen estática / meme,Reuse_Top,1,,,,,10:00,,1036844829507460_122151373701072582,,,No_aplica,Publicado,Pendiente_Publicacion,Post programado y confirmado por Meta; is_published=false; pendiente de publicación real y de métricas 24/72 horas.,"Después de la publicación real, registrar Fecha_Publicacion_Local/Hora_Publicacion_Local y extraer métricas 24h/72h.",2026-08-16_Calendario_Operativo_17_30_Agosto.csv; Meta Graph API v26; facebook_schedule_api_results.jsonl [RECONCILIACION-PUBLICATION-LOG:20260825T012857Z] Estado_Publicacion confirmado como Publicado desde Publication_Log; no se modificaron métricas ni veredicto.
OBS-FB-17_30-02,EXP-2026-08-CAL-01,HB-003|HB-004|HB-005,Publicacion,2026-08-17,2026-08-17,2608028 - Universe -  El amor esta en todos lados.png,Facebook,Imagen estática / meme,Nueva,1,,,,,11:00,,1036844829507460_122151373761072582,,,No_aplica,Publicado,Pendiente_Publicacion,Post programado y confirmado por Meta; is_published=false; pendiente de publicación real y de métricas 24/72 horas.,"Después de la publicación real, registrar Fecha_Publicacion_Local/Hora_Publicacion_Local y extraer métricas 24h/72h.",2026-08-16_Calendario_Operativo_17_30_Agosto.csv; Meta Graph API v26; facebook_schedule_api_results.jsonl [RECONCILIACION-PUBLICATION-LOG:20260825T012857Z] Estado_Publicacion confirmado como Publicado desde Publication_Log; no se modificaron métricas ni veredicto.
OBS-FB-17_30-03,EXP-2026-08-CAL-01,HB-003|HB-004|HB-005,Publicacion,2026-08-17,2026-08-17,2608034- Elara - uno debe ser chismoso.jpeg,Facebook,Imagen estática / meme,Nueva,1,,,,,13:30,,1036844829507460_122151373833072582,,,No_aplica,Publicado,Pendiente_Publicacion,Post programado y confirmado por Meta; is_published=false; pendiente de publicación real y de métricas 24/72 horas.,"Después de la publicación real, registrar Fecha_Publicacion_Local/Hora_Publicacion_Local y extraer métricas 24h/72h.",2026-08-16_Calendario_Operativo_17_30_Agosto.csv; Meta Graph API v26; facebook_schedule_api_results.jsonl [RECONCILIACION-PUBLICATION-LOG:20260825T012857Z] Estado_Publicacion confirmado como Publicado desde Publication_Log; no se modificaron métricas ni veredicto.
OBS-FB-17_30-04,EXP-2026-08-CAL-01,HB-003|HB-004|HB-005,Publicacion,2026-08-17,2026-08-17,260642 - Universe+Wilfred.png,Facebook,Imagen estática / meme,Reuse_Top,1,,,,,16:00,,1036844829507460_122151373893072582,,,No_aplica,Publicado,Pendiente_Publicacion,Post programado y confirmado por Meta; is_published=false; pendiente de publicación real y de métricas 24/72 horas.,"Después de la publicación real, registrar Fecha_Publicacion_Local/Hora_Publicacion_Local y extraer métricas 24h/72h.",2026-08-16_Calendario_Operativo_17_30_Agosto.csv; Meta Graph API v26; facebook_schedule_api_results.jsonl [RECONCILIACION-PUBLICATION-LOG:20260825T012857Z] Estado_Publicacion confirmado como Publicado desde Publication_Log; no se modificaron métricas ni veredicto.
OBS-FB-17_30-05,EXP-2026-08-CAL-01,HB-003|HB-004|HB-005,Publicacion,2026-08-17,2026-08-17,2608027.jpeg,Facebook,Imagen estática / meme,Nueva,1,,,,,17:00,,1036844829507460_122151373953072582,,,No_aplica,Publicado,Pendiente_Publicacion,Post programado y confirmado por Meta; is_published=false; pendiente de publicación real y de métricas 24/72 horas.,"Después de la publicación real, registrar Fecha_Publicacion_Local/Hora_Publicacion_Local y extraer métricas 24h/72h.",2026-08-16_Calendario_Operativo_17_30_Agosto.csv; Meta Graph API v26; facebook_schedule_api_results.jsonl [RECONCILIACION-PUBLICATION-LOG:20260825T012857Z] Estado_Publicacion confirmado como Publicado desde Publication_Log; no se modificaron métricas ni veredicto.
OBS-FB-17_30-06,EXP-2026-08-CAL-01,HB-003|HB-004|HB-005,Publicacion,2026-08-17,2026-08-17,2608029 - Wilfred - Quiero loquiar.jpeg,Facebook,Imagen estática / meme,Nueva,1,,,,,19:00,19:00:01,1036844829507460_122151374019072582,,,No_aplica,Publicado,Corte_Observado_Lifetime,"Corte observado 20260821T032233Z: 235 reacciones, 4 comentarios, 100 shares; no es snapshot exacto 24/72h. [METRICS-RUN:20260823T210000Z] 2026-08-23T21:00:00+00:00: 24h,72h due; 24h_snapshot_unavailable 72h_snapshot_unavailable; Meta response contains current lifetime totals only; no exact 24h/72h snapshot written.","Mantener separado de P0, Reels y afiliados; continuar con el siguiente corte observado.",2026-08-16_Calendario_Operativo_17_30_Agosto.csv; Meta Graph API v26; facebook_schedule_api_results.jsonl; Operations/Research/2026-08-20_Cohorte_17_30_Current_Cut.json; Current_Cut:20260821T032233Z
OBS-FB-17_30-07,EXP-2026-08-CAL-01,HB-003|HB-004|HB-005,Publicacion,2026-08-18,2026-08-18,260646 - No sean asi.. (14-jun-26).png,Facebook,Imagen estática / meme,Reuse_Top,1,,,,,10:00,10:00:04,1036844829507460_122151374085072582,,,No_aplica,Publicado,Corte_Observado_Lifetime,"Corte observado 20260821T032233Z: 10 reacciones, 0 comentarios, 3 shares; no es snapshot exacto 24/72h. [METRICS-RUN:20260823T210000Z] 2026-08-23T21:00:00+00:00: 24h,72h due; 24h_snapshot_unavailable 72h_snapshot_unavailable; Meta response contains current lifetime totals only; no exact 24h/72h snapshot written.","Mantener separado de P0, Reels y afiliados; continuar con el siguiente corte observado.",2026-08-16_Calendario_Operativo_17_30_Agosto.csv; Meta Graph API v26; facebook_schedule_api_results.jsonl; Operations/Research/2026-08-20_Cohorte_17_30_Current_Cut.json; Current_Cut:20260821T032233Z
OBS-FB-17_30-08,EXP-2026-08-CAL-01,HB-003|HB-004|HB-005,Publicacion,2026-08-18,2026-08-18,2608046 - Universe - Mis firmas no se parecen.jpeg,Facebook,Imagen estática / meme,Nueva,1,,,,,11:00,11:00:06,1036844829507460_122151374157072582,,,No_aplica,Publicado,Corte_Observado_Lifetime,"Corte observado 20260821T032233Z: 50 reacciones, 4 comentarios, 8 shares; no es snapshot exacto 24/72h. [METRICS-RUN:20260823T210000Z] 2026-08-23T21:00:00+00:00: 24h,72h due; 24h_snapshot_unavailable 72h_snapshot_unavailable; Meta response contains current lifetime totals only; no exact 24h/72h snapshot written.","Mantener separado de P0, Reels y afiliados; continuar con el siguiente corte observado.",2026-08-16_Calendario_Operativo_17_30_Agosto.csv; Meta Graph API v26; facebook_schedule_api_results.jsonl; Operations/Research/2026-08-20_Cohorte_17_30_Current_Cut.json; Current_Cut:20260821T032233Z
OBS-FB-17_30-09,EXP-2026-08-CAL-01,HB-003|HB-004|HB-005,Publicacion,2026-08-18,2026-08-18,260735 - Universe - dentro de ti hay dos payasos (10-jun-26).png,Facebook,Imagen estática / meme,Reuse_Top,1,,,,,13:30,13:30:01,1036844829507460_122151374217072582,,,No_aplica,Publicado,Corte_Observado_Lifetime,"Corte observado 20260821T032233Z: 38 reacciones, 3 comentarios, 14 shares; no es snapshot exacto 24/72h. [METRICS-RUN:20260823T210000Z] 2026-08-23T21:00:00+00:00: 24h,72h due; 24h_snapshot_unavailable 72h_snapshot_unavailable; Meta response contains current lifetime totals only; no exact 24h/72h snapshot written.","Mantener separado de P0, Reels y afiliados; continuar con el siguiente corte observado.",2026-08-16_Calendario_Operativo_17_30_Agosto.csv; Meta Graph API v26; facebook_schedule_api_results.jsonl; Operations/Research/2026-08-20_Cohorte_17_30_Current_Cut.json; Current_Cut:20260821T032233Z
OBS-FB-17_30-10,EXP-2026-08-CAL-01,HB-003|HB-004|HB-005,Publicacion,2026-08-18,2026-08-18,2608052 - Evan - Yo confiando en Google Maps.jpeg,Facebook,Imagen estática / meme,Nueva,1,,,,,16:00,16:00:02,1036844829507460_122151374289072582,,,No_aplica,Publicado,Corte_Observado_Lifetime,"Corte observado 20260821T032233Z: 19 reacciones, 2 comentarios, 2 shares; no es snapshot exacto 24/72h. [METRICS-RUN:20260823T210000Z] 2026-08-23T21:00:00+00:00: 24h,72h due; 24h_snapshot_unavailable 72h_snapshot_unavailable; Meta response contains current lifetime totals only; no exact 24h/72h snapshot written.","Mantener separado de P0, Reels y afiliados; continuar con el siguiente corte observado.",2026-08-16_Calendario_Operativo_17_30_Agosto.csv; Meta Graph API v26; facebook_schedule_api_results.jsonl; Operations/Research/2026-08-20_Cohorte_17_30_Current_Cut.json; Current_Cut:20260821T032233Z
OBS-FB-17_30-11,EXP-2026-08-CAL-01,HB-003|HB-004|HB-005,Publicacion,2026-08-18,2026-08-18,260644 - Universe.png,Facebook,Imagen estática / meme,Reuse_Top,1,,,,,17:00,17:00:29,1036844829507460_122151374367072582,,,No_aplica,Publicado,Corte_Observado_Lifetime,"Corte observado 20260821T032233Z: 25 reacciones, 1 comentarios, 14 shares; no es snapshot exacto 24/72h. [METRICS-RUN:20260823T210000Z] 2026-08-23T21:00:00+00:00: 24h,72h due; 24h_snapshot_unavailable 72h_snapshot_unavailable; Meta response contains current lifetime totals only; no exact 24h/72h snapshot written.","Mantener separado de P0, Reels y afiliados; continuar con el siguiente corte observado.",2026-08-16_Calendario_Operativo_17_30_Agosto.csv; Meta Graph API v26; facebook_schedule_api_results.jsonl; Operations/Research/2026-08-20_Cohorte_17_30_Current_Cut.json; Current_Cut:20260821T032233Z
OBS-FB-17_30-12,EXP-2026-08-CAL-01,HB-003|HB-004|HB-005,Publicacion,2026-08-18,2026-08-18,2608032 - Kiri - Para romper el echizo tendras que besarla en los labios.jpeg,Facebook,Imagen estática / meme,Nueva,1,,,,,19:00,19:00:00,1036844829507460_122151374457072582,,,No_aplica,Publicado,Corte_Observado_Lifetime,"Corte observado 20260821T032233Z: 3 reacciones, 0 comentarios, 0 shares; no es snapshot exacto 24/72h. [METRICS-RUN:20260823T210000Z] 2026-08-23T21:00:00+00:00: 24h,72h due; 24h_snapshot_unavailable 72h_snapshot_unavailable; Meta response contains current lifetime totals only; no exact 24h/72h snapshot written.","Mantener separado de P0, Reels y afiliados; continuar con el siguiente corte observado.",2026-08-16_Calendario_Operativo_17_30_Agosto.csv; Meta Graph API v26; facebook_schedule_api_results.jsonl; Operations/Research/2026-08-20_Cohorte_17_30_Current_Cut.json; Current_Cut:20260821T032233Z
OBS-FB-17_30-13,EXP-2026-08-CAL-01,HB-003|HB-004|HB-005,Publicacion,2026-08-19,2026-08-19,260515 - Universe.png,Facebook,Imagen estática / meme,Reuse_Top,1,,,,,10:00,10:00:02,1036844829507460_122151374517072582,,,No_aplica,Publicado,Corte_Observado_Lifetime,"Corte observado 20260821T032233Z: 59 reacciones, 3 comentarios, 8 shares; no es snapshot exacto 24/72h. [METRICS-RUN:20260823T210000Z] 2026-08-23T21:00:00+00:00: 24h,72h due; 24h_snapshot_unavailable 72h_snapshot_unavailable; Meta response contains current lifetime totals only; no exact 24h/72h snapshot written.","Mantener separado de P0, Reels y afiliados; continuar con el siguiente corte observado.",2026-08-16_Calendario_Operativo_17_30_Agosto.csv; Meta Graph API v26; facebook_schedule_api_results.jsonl; Operations/Research/2026-08-20_Cohorte_17_30_Current_Cut.json; Current_Cut:20260821T032233Z
OBS-FB-17_30-14,EXP-2026-08-CAL-01,HB-003|HB-004|HB-005,Publicacion,2026-08-19,2026-08-19,2608061 - Fantasma - acaso parezco alguien que quiere ser genial.jpeg,Facebook,Imagen estática / meme,Nueva,1,,,,,11:00,11:00:18,1036844829507460_122151374589072582,,,No_aplica,Publicado,Corte_Observado_Lifetime,"Corte observado 20260821T032233Z: 26 reacciones, 3 comentarios, 6 shares; no es snapshot exacto 24/72h. [METRICS-RUN:20260823T210000Z] 2026-08-23T21:00:00+00:00: 24h,72h due; 24h_snapshot_unavailable 72h_snapshot_unavailable; Meta response contains current lifetime totals only; no exact 24h/72h snapshot written.","Mantener separado de P0, Reels y afiliados; continuar con el siguiente corte observado.",2026-08-16_Calendario_Operativo_17_30_Agosto.csv; Meta Graph API v26; facebook_schedule_api_results.jsonl; Operations/Research/2026-08-20_Cohorte_17_30_Current_Cut.json; Current_Cut:20260821T032233Z
OBS-FB-17_30-15,EXP-2026-08-CAL-01,HB-003|HB-004|HB-005,Publicacion,2026-08-19,2026-08-19,260560 - Fantasma.png,Facebook,Imagen estática / meme,Reuse_Top,1,,,,,13:30,13:30:02,1036844829507460_122151374655072582,,,No_aplica,Publicado,Corte_Observado_Lifetime,"Corte observado 20260821T032233Z: 7 reacciones, 0 comentarios, 1 shares; no es snapshot exacto 24/72h. [METRICS-RUN:20260823T210000Z] 2026-08-23T21:00:00+00:00: 24h,72h due; 24h_snapshot_unavailable 72h_snapshot_unavailable; Meta response contains current lifetime totals only; no exact 24h/72h snapshot written.","Mantener separado de P0, Reels y afiliados; continuar con el siguiente corte observado.",2026-08-16_Calendario_Operativo_17_30_Agosto.csv; Meta Graph API v26; facebook_schedule_api_results.jsonl; Operations/Research/2026-08-20_Cohorte_17_30_Current_Cut.json; Current_Cut:20260821T032233Z
OBS-FB-17_30-16,EXP-2026-08-CAL-01,HB-003|HB-004|HB-005,Publicacion,2026-08-19,2026-08-19,2608031 - Maeve+Silvio - Risas falsas.jpeg,Facebook,Imagen estática / meme,Nueva,1,,,,,16:00,16:00:00,1036844829507460_122151374745072582,,,No_aplica,Publicado,Corte_Observado_Lifetime,"Corte observado 20260821T032233Z: 38 reacciones, 2 comentarios, 8 shares; no es snapshot exacto 24/72h. [METRICS-RUN:20260823T210000Z] 2026-08-23T21:00:00+00:00: 24h,72h due; 24h_snapshot_unavailable 72h_snapshot_unavailable; Meta response contains current lifetime totals only; no exact 24h/72h snapshot written.","Mantener separado de P0, Reels y afiliados; continuar con el siguiente corte observado.",2026-08-16_Calendario_Operativo_17_30_Agosto.csv; Meta Graph API v26; facebook_schedule_api_results.jsonl; Operations/Research/2026-08-20_Cohorte_17_30_Current_Cut.json; Current_Cut:20260821T032233Z
OBS-FB-17_30-17,EXP-2026-08-CAL-01,HB-003|HB-004|HB-005,Publicacion,2026-08-19,2026-08-19,260733 - Evan - Yo aura fuerte (10-jun-26).png,Facebook,Imagen estática / meme,Reuse_Top,1,,,,,17:00,17:00:00,1036844829507460_122151374823072582,,,No_aplica,Publicado,Corte_Observado_Lifetime,"Corte observado 20260821T032233Z: 130 reacciones, 7 comentarios, 24 shares; no es snapshot exacto 24/72h. [METRICS-RUN:20260823T210000Z] 2026-08-23T21:00:00+00:00: 24h,72h due; 24h_snapshot_unavailable 72h_snapshot_unavailable; Meta response contains current lifetime totals only; no exact 24h/72h snapshot written.","Mantener separado de P0, Reels y afiliados; continuar con el siguiente corte observado.",2026-08-16_Calendario_Operativo_17_30_Agosto.csv; Meta Graph API v26; facebook_schedule_api_results.jsonl; Operations/Research/2026-08-20_Cohorte_17_30_Current_Cut.json; Current_Cut:20260821T032233Z
OBS-FB-17_30-18,EXP-2026-08-CAL-01,HB-003|HB-004|HB-005,Publicacion,2026-08-19,2026-08-19,2608040- Wilfred - el universo me susurro en sueños.jpeg,Facebook,Imagen estática / meme,Nueva,1,,,,,19:00,19:00:01,1036844829507460_122151374919072582,,,No_aplica,Publicado,Corte_Observado_Lifetime,"Corte observado 20260821T032233Z: 20 reacciones, 1 comentarios, 2 shares; no es snapshot exacto 24/72h. [METRICS-RUN:20260823T210000Z] 2026-08-23T21:00:00+00:00: 24h due; 24h_snapshot_unavailable; Meta response contains current lifetime totals only; no exact 24h/72h snapshot written.","Mantener separado de P0, Reels y afiliados; continuar con el siguiente corte observado.",2026-08-16_Calendario_Operativo_17_30_Agosto.csv; Meta Graph API v26; facebook_schedule_api_results.jsonl; Operations/Research/2026-08-20_Cohorte_17_30_Current_Cut.json; Current_Cut:20260821T032233Z
OBS-FB-17_30-19,EXP-2026-08-CAL-01,HB-003|HB-004|HB-005,Publicacion,2026-08-20,2026-08-20,2607794 - Universe - Aver.. A ver... (22-jun-26).png,Facebook,Imagen estática / meme,Reuse_Top,1,,,,,10:00,10:00:23,1036844829507460_122151374997072582,,,No_aplica,Publicado,Corte_Observado_Lifetime,"Corte observado 20260821T032233Z: 32 reacciones, 0 comentarios, 17 shares; no es snapshot exacto 24/72h. [METRICS-RUN:20260823T210000Z] 2026-08-23T21:00:00+00:00: 24h,72h due; 24h_snapshot_unavailable 72h_snapshot_unavailable; Meta response contains current lifetime totals only; no exact 24h/72h snapshot written.","Mantener separado de P0, Reels y afiliados; continuar con el siguiente corte observado.",2026-08-16_Calendario_Operativo_17_30_Agosto.csv; Meta Graph API v26; facebook_schedule_api_results.jsonl; Operations/Research/2026-08-20_Cohorte_17_30_Current_Cut.json; Current_Cut:20260821T032233Z
OBS-FB-17_30-20,EXP-2026-08-CAL-01,HB-003|HB-004|HB-005,Publicacion,2026-08-20,2026-08-20,2608038- Ganso - Mejor pudriendome en dinero.jpeg,Facebook,Imagen estática / meme,Nueva,1,,,,,11:00,11:00:54,1036844829507460_122151375111072582,,,No_aplica,Publicado,Corte_Observado_Lifetime,"Corte observado 20260821T032233Z: 43 reacciones, 2 comentarios, 12 shares; no es snapshot exacto 24/72h. [METRICS-RUN:20260823T210000Z] 2026-08-23T21:00:00+00:00: 24h,72h due; 24h_snapshot_unavailable 72h_snapshot_unavailable; Meta response contains current lifetime totals only; no exact 24h/72h snapshot written.","Mantener separado de P0, Reels y afiliados; continuar con el siguiente corte observado.",2026-08-16_Calendario_Operativo_17_30_Agosto.csv; Meta Graph API v26; facebook_schedule_api_results.jsonl; Operations/Research/2026-08-20_Cohorte_17_30_Current_Cut.json; Current_Cut:20260821T032233Z
OBS-FB-17_30-21,EXP-2026-08-CAL-01,HB-003|HB-004|HB-005,Publicacion,2026-08-20,2026-08-20,260659 - Universe.png,Facebook,Imagen estática / meme,Reuse_Top,1,,,,,13:30,13:30:00,1036844829507460_122151375189072582,,,No_aplica,Publicado,Corte_Observado_Lifetime,"Corte observado 20260821T032233Z: 21 reacciones, 5 comentarios, 4 shares; no es snapshot exacto 24/72h. [METRICS-RUN:20260823T210000Z] 2026-08-23T21:00:00+00:00: 24h,72h due; 24h_snapshot_unavailable 72h_snapshot_unavailable; Meta response contains current lifetime totals only; no exact 24h/72h snapshot written.","Mantener separado de P0, Reels y afiliados; continuar con el siguiente corte observado.",2026-08-16_Calendario_Operativo_17_30_Agosto.csv; Meta Graph API v26; facebook_schedule_api_results.jsonl; Operations/Research/2026-08-20_Cohorte_17_30_Current_Cut.json; Current_Cut:20260821T032233Z
OBS-FB-17_30-22,EXP-2026-08-CAL-01,HB-003|HB-004|HB-005,Publicacion,2026-08-20,2026-08-20,2608056 - Wilfred - Analize tu contexto.jpeg,Facebook,Imagen estática / meme,Nueva,1,,,,,16:00,16:00:03,1036844829507460_122151375303072582,,,No_aplica,Publicado,Corte_Observado_Lifetime,"Corte observado 20260821T032233Z: 16 reacciones, 3 comentarios, 7 shares; no es snapshot exacto 24/72h. [METRICS-RUN:20260823T210000Z] 2026-08-23T21:00:00+00:00: 24h due; 24h_snapshot_unavailable; Meta response contains current lifetime totals only; no exact 24h/72h snapshot written.","Mantener separado de P0, Reels y afiliados; continuar con el siguiente corte observado.",2026-08-16_Calendario_Operativo_17_30_Agosto.csv; Meta Graph API v26; facebook_schedule_api_results.jsonl; Operations/Research/2026-08-20_Cohorte_17_30_Current_Cut.json; Current_Cut:20260821T032233Z
OBS-FB-17_30-23,EXP-2026-08-CAL-01,HB-003|HB-004|HB-005,Publicacion,2026-08-20,2026-08-20,260508 - Universe.jpg,Facebook,Imagen estática / meme,Reuse_Top,1,,,,,17:00,17:00:13,1036844829507460_122151375375072582,,,No_aplica,Publicado,Corte_Observado_Lifetime,"Corte observado 20260821T032233Z: 24 reacciones, 2 comentarios, 9 shares; no es snapshot exacto 24/72h. [METRICS-RUN:20260823T210000Z] 2026-08-23T21:00:00+00:00: 24h due; 24h_snapshot_unavailable; Meta response contains current lifetime totals only; no exact 24h/72h snapshot written.","Mantener separado de P0, Reels y afiliados; continuar con el siguiente corte observado.",2026-08-16_Calendario_Operativo_17_30_Agosto.csv; Meta Graph API v26; facebook_schedule_api_results.jsonl; Operations/Research/2026-08-20_Cohorte_17_30_Current_Cut.json; Current_Cut:20260821T032233Z
OBS-FB-17_30-24,EXP-2026-08-CAL-01,HB-003|HB-004|HB-005,Publicacion,2026-08-20,2026-08-20,2608041 - Maeve+kael - No me averguenza amar.jpeg,Facebook,Imagen estática / meme,Nueva,1,,,,,19:00,19:00:05,1036844829507460_122151375465072582,,,No_aplica,Publicado,Corte_Observado_Lifetime,"Corte observado 20260821T032233Z: 15 reacciones, 2 comentarios, 1 shares; no es snapshot exacto 24/72h. [METRICS-RUN:20260823T210000Z] 2026-08-23T21:00:00+00:00: 24h due; 24h_snapshot_unavailable; Meta response contains current lifetime totals only; no exact 24h/72h snapshot written.","Mantener separado de P0, Reels y afiliados; continuar con el siguiente corte observado.",2026-08-16_Calendario_Operativo_17_30_Agosto.csv; Meta Graph API v26; facebook_schedule_api_results.jsonl; Operations/Research/2026-08-20_Cohorte_17_30_Current_Cut.json; Current_Cut:20260821T032233Z
OBS-FB-17_30-25,EXP-2026-08-CAL-01,HB-003|HB-004|HB-005,Publicacion,2026-08-21,2026-08-21,2607838 - Dios - Quien me creo a mi (29-jun-26).png,Facebook,Imagen estática / meme,Reuse_Top,1,,,,,10:00,,1036844829507460_122151375549072582,,,No_aplica,Publicado,Pendiente_Publicacion,Post programado y confirmado por Meta; is_published=false; pendiente de publicación real y de métricas 24/72 horas.,"Después de la publicación real, registrar Fecha_Publicacion_Local/Hora_Publicacion_Local y extraer métricas 24h/72h.",2026-08-16_Calendario_Operativo_17_30_Agosto.csv; Meta Graph API v26; facebook_schedule_api_results.jsonl [RECONCILIACION-PUBLICATION-LOG:20260825T012857Z] Estado_Publicacion confirmado como Publicado desde Publication_Log; no se modificaron métricas ni veredicto.
OBS-FB-17_30-26,EXP-2026-08-CAL-01,HB-003|HB-004|HB-005,Publicacion,2026-08-21,2026-08-21,260635 - Universe.png,Facebook,Imagen estática / meme,Reuse_Top,1,,,,,11:00,,1036844829507460_122151375627072582,,,No_aplica,Publicado,Pendiente_Publicacion,Post programado y confirmado por Meta; is_published=false; pendiente de publicación real y de métricas 24/72 horas.,"Después de la publicación real, registrar Fecha_Publicacion_Local/Hora_Publicacion_Local y extraer métricas 24h/72h.",2026-08-16_Calendario_Operativo_17_30_Agosto.csv; Meta Graph API v26; facebook_schedule_api_results.jsonl [RECONCILIACION-PUBLICATION-LOG:20260825T012857Z] Estado_Publicacion confirmado como Publicado desde Publication_Log; no se modificaron métricas ni veredicto.
OBS-FB-17_30-27,EXP-2026-08-CAL-01,HB-003|HB-004|HB-005,Publicacion,2026-08-21,2026-08-21,2608049 - Elara - Tibio tu cafe.jpeg,Facebook,Imagen estática / meme,Nueva,1,,,,,13:30,,1036844829507460_122151375759072582,,,No_aplica,Publicado,Pendiente_Publicacion,Post programado y confirmado por Meta; is_published=false; pendiente de publicación real y de métricas 24/72 horas.,"Después de la publicación real, registrar Fecha_Publicacion_Local/Hora_Publicacion_Local y extraer métricas 24h/72h.",2026-08-16_Calendario_Operativo_17_30_Agosto.csv; Meta Graph API v26; facebook_schedule_api_results.jsonl [RECONCILIACION-PUBLICATION-LOG:20260825T012857Z] Estado_Publicacion confirmado como Publicado desde Publication_Log; no se modificaron métricas ni veredicto.
OBS-FB-17_30-28,EXP-2026-08-CAL-01,HB-003|HB-004|HB-005,Publicacion,2026-08-21,2026-08-21,260614 - Universe.png,Facebook,Imagen estática / meme,Reuse_Top,1,,,,,19:00,,1036844829507460_122151375843072582,,,No_aplica,Publicado,Pendiente_Publicacion,Post programado y confirmado por Meta; is_published=false; pendiente de publicación real y de métricas 24/72 horas.,"Después de la publicación real, registrar Fecha_Publicacion_Local/Hora_Publicacion_Local y extraer métricas 24h/72h.",2026-08-16_Calendario_Operativo_17_30_Agosto.csv; Meta Graph API v26; facebook_schedule_api_results.jsonl [RECONCILIACION-PUBLICATION-LOG:20260825T012857Z] Estado_Publicacion confirmado como Publicado desde Publication_Log; no se modificaron métricas ni veredicto.
OBS-FB-17_30-29,EXP-2026-08-CAL-01,HB-003|HB-004|HB-005,Publicacion,2026-08-22,2026-08-22,2608050 - Universe - A ponerse en forma.jpeg,Facebook,Imagen estática / meme,Nueva,1,,,,,10:00,,1036844829507460_122151375927072582,,,No_aplica,Publicado,Pendiente_Publicacion,Post programado y confirmado por Meta; is_published=false; pendiente de publicación real y de métricas 24/72 horas.,"Después de la publicación real, registrar Fecha_Publicacion_Local/Hora_Publicacion_Local y extraer métricas 24h/72h.",2026-08-16_Calendario_Operativo_17_30_Agosto.csv; Meta Graph API v26; facebook_schedule_api_results.jsonl [RECONCILIACION-PUBLICATION-LOG:20260825T012857Z] Estado_Publicacion confirmado como Publicado desde Publication_Log; no se modificaron métricas ni veredicto.
OBS-FB-17_30-30,EXP-2026-08-CAL-01,HB-003|HB-004|HB-005,Publicacion,2026-08-22,2026-08-22,260589.png,Facebook,Imagen estática / meme,Reuse_Top,1,,,,,11:00,,1036844829507460_122151376011072582,,,No_aplica,Publicado,Pendiente_Publicacion,Post programado y confirmado por Meta; is_published=false; pendiente de publicación real y de métricas 24/72 horas.,"Después de la publicación real, registrar Fecha_Publicacion_Local/Hora_Publicacion_Local y extraer métricas 24h/72h.",2026-08-16_Calendario_Operativo_17_30_Agosto.csv; Meta Graph API v26; facebook_schedule_api_results.jsonl [RECONCILIACION-PUBLICATION-LOG:20260825T012857Z] Estado_Publicacion confirmado como Publicado desde Publication_Log; no se modificaron métricas ni veredicto.
OBS-FB-17_30-31,EXP-2026-08-CAL-01,HB-003|HB-004|HB-005,Publicacion,2026-08-22,2026-08-22,2608063 - Universe - Larga vida a esas mujeres.jpeg,Facebook,Imagen estática / meme,Nueva,1,,,,,13:30,,1036844829507460_122151376083072582,,,No_aplica,Publicado,Pendiente_Publicacion,Post programado y confirmado por Meta; is_published=false; pendiente de publicación real y de métricas 24/72 horas.,"Después de la publicación real, registrar Fecha_Publicacion_Local/Hora_Publicacion_Local y extraer métricas 24h/72h.",2026-08-16_Calendario_Operativo_17_30_Agosto.csv; Meta Graph API v26; facebook_schedule_api_results.jsonl [RECONCILIACION-PUBLICATION-LOG:20260825T012857Z] Estado_Publicacion confirmado como Publicado desde Publication_Log; no se modificaron métricas ni veredicto.
OBS-FB-17_30-32,EXP-2026-08-CAL-01,HB-003|HB-004|HB-005,Publicacion,2026-08-22,2026-08-22,260510 - Universe.png,Facebook,Imagen estática / meme,Reuse_Top,1,,,,,19:00,,1036844829507460_122151376203072582,,,No_aplica,Publicado,Pendiente_Publicacion,Post programado y confirmado por Meta; is_published=false; pendiente de publicación real y de métricas 24/72 horas.,"Después de la publicación real, registrar Fecha_Publicacion_Local/Hora_Publicacion_Local y extraer métricas 24h/72h.",2026-08-16_Calendario_Operativo_17_30_Agosto.csv; Meta Graph API v26; facebook_schedule_api_results.jsonl [RECONCILIACION-PUBLICATION-LOG:20260825T012857Z] Estado_Publicacion confirmado como Publicado desde Publication_Log; no se modificaron métricas ni veredicto.
OBS-FB-17_30-33,EXP-2026-08-CAL-01,HB-003|HB-004|HB-005,Publicacion,2026-08-23,2026-08-23,2608035- Maeve - La necesidad de enloquecer.jpeg,Facebook,Imagen estática / meme,Nueva,1,,,,,10:00,,1036844829507460_122151376281072582,,,No_aplica,Publicado,Pendiente_Publicacion,Post programado y confirmado por Meta; is_published=false; pendiente de publicación real y de métricas 24/72 horas.,"Después de la publicación real, registrar Fecha_Publicacion_Local/Hora_Publicacion_Local y extraer métricas 24h/72h.",2026-08-16_Calendario_Operativo_17_30_Agosto.csv; Meta Graph API v26; facebook_schedule_api_results.jsonl [RECONCILIACION-PUBLICATION-LOG:20260825T012857Z] Estado_Publicacion confirmado como Publicado desde Publication_Log; no se modificaron métricas ni veredicto.
OBS-FB-17_30-34,EXP-2026-08-CAL-01,HB-003|HB-004|HB-005,Publicacion,2026-08-23,2026-08-23,Universe - Existencial 260508.png,Facebook,Imagen estática / meme,Reuse_Top,1,,,,,13:30,,1036844829507460_122151376365072582,,,No_aplica,Publicado,Pendiente_Publicacion,Post programado y confirmado por Meta; is_published=false; pendiente de publicación real y de métricas 24/72 horas.,"Después de la publicación real, registrar Fecha_Publicacion_Local/Hora_Publicacion_Local y extraer métricas 24h/72h.",2026-08-16_Calendario_Operativo_17_30_Agosto.csv; Meta Graph API v26; facebook_schedule_api_results.jsonl [RECONCILIACION-PUBLICATION-LOG:20260825T012857Z] Estado_Publicacion confirmado como Publicado desde Publication_Log; no se modificaron métricas ni veredicto.
OBS-FB-17_30-35,EXP-2026-08-CAL-01,HB-003|HB-004|HB-005,Publicacion,2026-08-23,2026-08-23,2608057 - Fantasma - Sabes que me caeria bien.jpeg,Facebook,Imagen estática / meme,Nueva,1,,,,,16:00,,1036844829507460_122151376455072582,,,No_aplica,Publicado,Pendiente_Publicacion,Post programado y confirmado por Meta; is_published=false; pendiente de publicación real y de métricas 24/72 horas.,"Después de la publicación real, registrar Fecha_Publicacion_Local/Hora_Publicacion_Local y extraer métricas 24h/72h.",2026-08-16_Calendario_Operativo_17_30_Agosto.csv; Meta Graph API v26; facebook_schedule_api_results.jsonl [RECONCILIACION-PUBLICATION-LOG:20260825T012857Z] Estado_Publicacion confirmado como Publicado desde Publication_Log; no se modificaron métricas ni veredicto.
OBS-FB-17_30-36,EXP-2026-08-CAL-01,HB-003|HB-004|HB-005,Publicacion,2026-08-23,2026-08-23,260757 - Maeve - Estas seguro¿ (14-jun-26).png,Facebook,Imagen estática / meme,Reuse_Top,1,,,,,19:00,,1036844829507460_122151376539072582,,,No_aplica,Publicado,Pendiente_Publicacion,Post programado y confirmado por Meta; is_published=false; pendiente de publicación real y de métricas 24/72 horas.,"Después de la publicación real, registrar Fecha_Publicacion_Local/Hora_Publicacion_Local y extraer métricas 24h/72h.",2026-08-16_Calendario_Operativo_17_30_Agosto.csv; Meta Graph API v26; facebook_schedule_api_results.jsonl [RECONCILIACION-PUBLICATION-LOG:20260825T012857Z] Estado_Publicacion confirmado como Publicado desde Publication_Log; no se modificaron métricas ni veredicto.
OBS-FB-17_30-37,EXP-2026-08-CAL-01,HB-003|HB-004|HB-005,Publicacion,2026-08-23,2026-08-23,260625.png,Facebook,Imagen estática / meme,Reuse_Top,1,,,,,22:00,,1036844829507460_122151376629072582,,,No_aplica,Publicado,Pendiente_Publicacion,Post programado y confirmado por Meta; is_published=false; pendiente de publicación real y de métricas 24/72 horas.,"Después de la publicación real, registrar Fecha_Publicacion_Local/Hora_Publicacion_Local y extraer métricas 24h/72h.",2026-08-16_Calendario_Operativo_17_30_Agosto.csv; Meta Graph API v26; facebook_schedule_api_results.jsonl [RECONCILIACION-PUBLICATION-LOG:20260825T012857Z] Estado_Publicacion confirmado como Publicado desde Publication_Log; no se modificaron métricas ni veredicto.
OBS-FB-17_30-38,EXP-2026-08-CAL-01,HB-003|HB-004|HB-005,Publicacion,2026-08-24,2026-08-24,Universe - Existencial 260661.png,Facebook,Imagen estática / meme,Nueva,1,,,,,10:00,,1036844829507460_122151376695072582,,,No_aplica,Programada,Pendiente_Publicacion,Post programado y confirmado por Meta; is_published=false; pendiente de publicación real y de métricas 24/72 horas.,"Después de la publicación real, registrar Fecha_Publicacion_Local/Hora_Publicacion_Local y extraer métricas 24h/72h.",2026-08-16_Calendario_Operativo_17_30_Agosto.csv; Meta Graph API v26; facebook_schedule_api_results.jsonl
OBS-FB-17_30-39,EXP-2026-08-CAL-01,HB-003|HB-004|HB-005,Publicacion,2026-08-24,2026-08-24,260518 - Kael.png,Facebook,Imagen estática / meme,Reuse_Top,1,,,,,11:00,,1036844829507460_122151376773072582,,,No_aplica,Publicado,Pendiente_Publicacion,Post programado y confirmado por Meta; is_published=false; pendiente de publicación real y de métricas 24/72 horas.,"Después de la publicación real, registrar Fecha_Publicacion_Local/Hora_Publicacion_Local y extraer métricas 24h/72h.",2026-08-16_Calendario_Operativo_17_30_Agosto.csv; Meta Graph API v26; facebook_schedule_api_results.jsonl [RECONCILIACION-PUBLICATION-LOG:20260825T012857Z] Estado_Publicacion confirmado como Publicado desde Publication_Log; no se modificaron métricas ni veredicto.
OBS-FB-17_30-40,EXP-2026-08-CAL-01,HB-003|HB-004|HB-005,Publicacion,2026-08-24,2026-08-24,2608048 - Universe - Inalcanzable para todos.jpeg,Facebook,Imagen estática / meme,Nueva,1,,,,,13:30,,1036844829507460_122151376851072582,,,No_aplica,Programada,Pendiente_Publicacion,Post programado y confirmado por Meta; is_published=false; pendiente de publicación real y de métricas 24/72 horas.,"Después de la publicación real, registrar Fecha_Publicacion_Local/Hora_Publicacion_Local y extraer métricas 24h/72h.",2026-08-16_Calendario_Operativo_17_30_Agosto.csv; Meta Graph API v26; facebook_schedule_api_results.jsonl
OBS-FB-17_30-41,EXP-2026-08-CAL-01,HB-003|HB-004|HB-005,Publicacion,2026-08-24,2026-08-24,260607 - Universe.png,Facebook,Imagen estática / meme,Reuse_Top,1,,,,,16:00,,1036844829507460_122151376941072582,,,No_aplica,Programada,Pendiente_Publicacion,Post programado y confirmado por Meta; is_published=false; pendiente de publicación real y de métricas 24/72 horas.,"Después de la publicación real, registrar Fecha_Publicacion_Local/Hora_Publicacion_Local y extraer métricas 24h/72h.",2026-08-16_Calendario_Operativo_17_30_Agosto.csv; Meta Graph API v26; facebook_schedule_api_results.jsonl
OBS-FB-17_30-42,EXP-2026-08-CAL-01,HB-003|HB-004|HB-005,Publicacion,2026-08-24,2026-08-24,2608053 - Universe - Quieras o no.jpeg,Facebook,Imagen estática / meme,Nueva,1,,,,,17:00,,1036844829507460_122151377019072582,,,No_aplica,Publicado,Pendiente_Publicacion,Post programado y confirmado por Meta; is_published=false; pendiente de publicación real y de métricas 24/72 horas.,"Después de la publicación real, registrar Fecha_Publicacion_Local/Hora_Publicacion_Local y extraer métricas 24h/72h.",2026-08-16_Calendario_Operativo_17_30_Agosto.csv; Meta Graph API v26; facebook_schedule_api_results.jsonl [RECONCILIACION-PUBLICATION-LOG:20260825T012857Z] Estado_Publicacion confirmado como Publicado desde Publication_Log; no se modificaron métricas ni veredicto.
OBS-FB-17_30-43,EXP-2026-08-CAL-01,HB-003|HB-004|HB-005,Publicacion,2026-08-24,2026-08-24,2607825 - Kael - Ser el malo de la historia (28-jun-26).png,Facebook,Imagen estática / meme,Reuse_Top,1,,,,,19:00,,1036844829507460_122151377109072582,,,No_aplica,Publicado,Pendiente_Publicacion,Post programado y confirmado por Meta; is_published=false; pendiente de publicación real y de métricas 24/72 horas.,"Después de la publicación real, registrar Fecha_Publicacion_Local/Hora_Publicacion_Local y extraer métricas 24h/72h.",2026-08-16_Calendario_Operativo_17_30_Agosto.csv; Meta Graph API v26; facebook_schedule_api_results.jsonl [RECONCILIACION-PUBLICATION-LOG:20260825T012857Z] Estado_Publicacion confirmado como Publicado desde Publication_Log; no se modificaron métricas ni veredicto.
OBS-FB-17_30-44,EXP-2026-08-CAL-01,HB-003|HB-004|HB-005,Publicacion,2026-08-25,2026-08-25,Universe - Existencial 2607831.png,Facebook,Imagen estática / meme,Nueva,1,,,,,10:00,,1036844829507460_122151377199072582,,,No_aplica,Programada,Pendiente_Publicacion,Post programado y confirmado por Meta; is_published=false; pendiente de publicación real y de métricas 24/72 horas.,"Después de la publicación real, registrar Fecha_Publicacion_Local/Hora_Publicacion_Local y extraer métricas 24h/72h.",2026-08-16_Calendario_Operativo_17_30_Agosto.csv; Meta Graph API v26; facebook_schedule_api_results.jsonl
OBS-FB-17_30-45,EXP-2026-08-CAL-01,HB-003|HB-004|HB-005,Publicacion,2026-08-25,2026-08-25,Universe - Existencial 622.png,Facebook,Imagen estática / meme,Reuse_Top,1,,,,,11:00,,1036844829507460_122151377301072582,,,No_aplica,Programada,Pendiente_Publicacion,Post programado y confirmado por Meta; is_published=false; pendiente de publicación real y de métricas 24/72 horas.,"Después de la publicación real, registrar Fecha_Publicacion_Local/Hora_Publicacion_Local y extraer métricas 24h/72h.",2026-08-16_Calendario_Operativo_17_30_Agosto.csv; Meta Graph API v26; facebook_schedule_api_results.jsonl
OBS-FB-17_30-46,EXP-2026-08-CAL-01,HB-003|HB-004|HB-005,Publicacion,2026-08-25,2026-08-25,2607792 - fantasma+Universe - El gato ;o (21-jun-26).jpeg,Facebook,Imagen estática / meme,Reuse_Top,1,,,,,13:30,,1036844829507460_122151377385072582,,,No_aplica,Programada,Pendiente_Publicacion,Post programado y confirmado por Meta; is_published=false; pendiente de publicación real y de métricas 24/72 horas.,"Después de la publicación real, registrar Fecha_Publicacion_Local/Hora_Publicacion_Local y extraer métricas 24h/72h.",2026-08-16_Calendario_Operativo_17_30_Agosto.csv; Meta Graph API v26; facebook_schedule_api_results.jsonl
OBS-FB-17_30-47,EXP-2026-08-CAL-01,HB-003|HB-004|HB-005,Publicacion,2026-08-25,2026-08-25,2608062 - Kiri+Evan - prestame el marron.jpeg,Facebook,Imagen estática / meme,Nueva,1,,,,,16:00,,1036844829507460_122151377475072582,,,No_aplica,Programada,Pendiente_Publicacion,Post programado y confirmado por Meta; is_published=false; pendiente de publicación real y de métricas 24/72 horas.,"Después de la publicación real, registrar Fecha_Publicacion_Local/Hora_Publicacion_Local y extraer métricas 24h/72h.",2026-08-16_Calendario_Operativo_17_30_Agosto.csv; Meta Graph API v26; facebook_schedule_api_results.jsonl
OBS-FB-17_30-48,EXP-2026-08-CAL-01,HB-003|HB-004|HB-005,Publicacion,2026-08-25,2026-08-25,260613 - Wilfred.png,Facebook,Imagen estática / meme,Reuse_Top,1,,,,,17:00,,1036844829507460_122151377553072582,,,No_aplica,Programada,Pendiente_Publicacion,Post programado y confirmado por Meta; is_published=false; pendiente de publicación real y de métricas 24/72 horas.,"Después de la publicación real, registrar Fecha_Publicacion_Local/Hora_Publicacion_Local y extraer métricas 24h/72h.",2026-08-16_Calendario_Operativo_17_30_Agosto.csv; Meta Graph API v26; facebook_schedule_api_results.jsonl
OBS-FB-17_30-49,EXP-2026-08-CAL-01,HB-003|HB-004|HB-005,Publicacion,2026-08-25,2026-08-25,2608043 - Maeve - No te pedi que me revivieras.jpeg,Facebook,Imagen estática / meme,Nueva,1,,,,,19:00,,1036844829507460_122151377649072582,,,No_aplica,Programada,Pendiente_Publicacion,Post programado y confirmado por Meta; is_published=false; pendiente de publicación real y de métricas 24/72 horas.,"Después de la publicación real, registrar Fecha_Publicacion_Local/Hora_Publicacion_Local y extraer métricas 24h/72h.",2026-08-16_Calendario_Operativo_17_30_Agosto.csv; Meta Graph API v26; facebook_schedule_api_results.jsonl
OBS-FB-17_30-50,EXP-2026-08-CAL-01,HB-003|HB-004|HB-005,Publicacion,2026-08-26,2026-08-26,260620 - Fantasma.png,Facebook,Imagen estática / meme,Reuse_Top,1,,,,,10:00,,1036844829507460_122151377733072582,,,No_aplica,Programada,Pendiente_Publicacion,Post programado y confirmado por Meta; is_published=false; pendiente de publicación real y de métricas 24/72 horas.,"Después de la publicación real, registrar Fecha_Publicacion_Local/Hora_Publicacion_Local y extraer métricas 24h/72h.",2026-08-16_Calendario_Operativo_17_30_Agosto.csv; Meta Graph API v26; facebook_schedule_api_results.jsonl
OBS-FB-17_30-51,EXP-2026-08-CAL-01,HB-003|HB-004|HB-005,Publicacion,2026-08-26,2026-08-26,2608065 - Fantasma - Pedazo de socrates.jpeg,Facebook,Imagen estática / meme,Nueva,1,,,,,11:00,,1036844829507460_122151377829072582,,,No_aplica,Programada,Pendiente_Publicacion,Post programado y confirmado por Meta; is_published=false; pendiente de publicación real y de métricas 24/72 horas.,"Después de la publicación real, registrar Fecha_Publicacion_Local/Hora_Publicacion_Local y extraer métricas 24h/72h.",2026-08-16_Calendario_Operativo_17_30_Agosto.csv; Meta Graph API v26; facebook_schedule_api_results.jsonl
OBS-FB-17_30-52,EXP-2026-08-CAL-01,HB-003|HB-004|HB-005,Publicacion,2026-08-26,2026-08-26,260540 - Elara.png,Facebook,Imagen estática / meme,Reuse_Top,1,,,,,13:30,,1036844829507460_122151377913072582,,,No_aplica,Programada,Pendiente_Publicacion,Post programado y confirmado por Meta; is_published=false; pendiente de publicación real y de métricas 24/72 horas.,"Después de la publicación real, registrar Fecha_Publicacion_Local/Hora_Publicacion_Local y extraer métricas 24h/72h.",2026-08-16_Calendario_Operativo_17_30_Agosto.csv; Meta Graph API v26; facebook_schedule_api_results.jsonl
OBS-FB-17_30-53,EXP-2026-08-CAL-01,HB-003|HB-004|HB-005,Publicacion,2026-08-26,2026-08-26,2608058 - Silvio - Tiene que dar tranquilidad.jpeg,Facebook,Imagen estática / meme,Nueva,1,,,,,16:00,,1036844829507460_122151377979072582,,,No_aplica,Programada,Pendiente_Publicacion,Post programado y confirmado por Meta; is_published=false; pendiente de publicación real y de métricas 24/72 horas.,"Después de la publicación real, registrar Fecha_Publicacion_Local/Hora_Publicacion_Local y extraer métricas 24h/72h.",2026-08-16_Calendario_Operativo_17_30_Agosto.csv; Meta Graph API v26; facebook_schedule_api_results.jsonl
OBS-FB-17_30-54,EXP-2026-08-CAL-01,HB-003|HB-004|HB-005,Publicacion,2026-08-26,2026-08-26,260590 - Maeve.png,Facebook,Imagen estática / meme,Reuse_Top,1,,,,,17:00,,1036844829507460_122151378063072582,,,No_aplica,Programada,Pendiente_Publicacion,Post programado y confirmado por Meta; is_published=false; pendiente de publicación real y de métricas 24/72 horas.,"Después de la publicación real, registrar Fecha_Publicacion_Local/Hora_Publicacion_Local y extraer métricas 24h/72h.",2026-08-16_Calendario_Operativo_17_30_Agosto.csv; Meta Graph API v26; facebook_schedule_api_results.jsonl
OBS-FB-17_30-55,EXP-2026-08-CAL-01,HB-003|HB-004|HB-005,Publicacion,2026-08-26,2026-08-26,2608044 - Silvio - Sabra dios cuantos ligues.jpeg,Facebook,Imagen estática / meme,Nueva,1,,,,,19:00,,1036844829507460_122151378153072582,,,No_aplica,Programada,Pendiente_Publicacion,Post programado y confirmado por Meta; is_published=false; pendiente de publicación real y de métricas 24/72 horas.,"Después de la publicación real, registrar Fecha_Publicacion_Local/Hora_Publicacion_Local y extraer métricas 24h/72h.",2026-08-16_Calendario_Operativo_17_30_Agosto.csv; Meta Graph API v26; facebook_schedule_api_results.jsonl
OBS-FB-17_30-56,EXP-2026-08-CAL-01,HB-003|HB-004|HB-005,Publicacion,2026-08-27,2026-08-27,260571 - Kiri.png,Facebook,Imagen estática / meme,Reuse_Reserve,1,,,,,10:00,,1036844829507460_122151378249072582,,,No_aplica,Programada,Pendiente_Publicacion,Post programado y confirmado por Meta; is_published=false; pendiente de publicación real y de métricas 24/72 horas.,"Después de la publicación real, registrar Fecha_Publicacion_Local/Hora_Publicacion_Local y extraer métricas 24h/72h.",2026-08-16_Calendario_Operativo_17_30_Agosto.csv; Meta Graph API v26; facebook_schedule_api_results.jsonl
OBS-FB-17_30-57,EXP-2026-08-CAL-01,HB-003|HB-004|HB-005,Publicacion,2026-08-27,2026-08-27,2608042 - Maeve+kael - Te quiero besiquiar.jpeg,Facebook,Imagen estática / meme,Nueva,1,,,,,11:00,,1036844829507460_122151378327072582,,,No_aplica,Programada,Pendiente_Publicacion,Post programado y confirmado por Meta; is_published=false; pendiente de publicación real y de métricas 24/72 horas.,"Después de la publicación real, registrar Fecha_Publicacion_Local/Hora_Publicacion_Local y extraer métricas 24h/72h.",2026-08-16_Calendario_Operativo_17_30_Agosto.csv; Meta Graph API v26; facebook_schedule_api_results.jsonl
OBS-FB-17_30-58,EXP-2026-08-CAL-01,HB-003|HB-004|HB-005,Publicacion,2026-08-27,2026-08-27,260573 - Universe.png,Facebook,Imagen estática / meme,Reuse_Top,1,,,,,13:30,,1036844829507460_122151378411072582,,,No_aplica,Programada,Pendiente_Publicacion,Post programado y confirmado por Meta; is_published=false; pendiente de publicación real y de métricas 24/72 horas.,"Después de la publicación real, registrar Fecha_Publicacion_Local/Hora_Publicacion_Local y extraer métricas 24h/72h.",2026-08-16_Calendario_Operativo_17_30_Agosto.csv; Meta Graph API v26; facebook_schedule_api_results.jsonl
OBS-FB-17_30-59,EXP-2026-08-CAL-01,HB-003|HB-004|HB-005,Publicacion,2026-08-27,2026-08-27,2608064 - Universe - Quieren hacer pendejo al que nacio asi.jpeg,Facebook,Imagen estática / meme,Nueva,1,,,,,16:00,,1036844829507460_122151378495072582,,,No_aplica,Programada,Pendiente_Publicacion,Post programado y confirmado por Meta; is_published=false; pendiente de publicación real y de métricas 24/72 horas.,"Después de la publicación real, registrar Fecha_Publicacion_Local/Hora_Publicacion_Local y extraer métricas 24h/72h.",2026-08-16_Calendario_Operativo_17_30_Agosto.csv; Meta Graph API v26; facebook_schedule_api_results.jsonl
OBS-FB-17_30-60,EXP-2026-08-CAL-01,HB-003|HB-004|HB-005,Publicacion,2026-08-27,2026-08-27,260542 - Universe.png,Facebook,Imagen estática / meme,Reuse_Top,1,,,,,17:00,,1036844829507460_122151378573072582,,,No_aplica,Programada,Pendiente_Publicacion,Post programado y confirmado por Meta; is_published=false; pendiente de publicación real y de métricas 24/72 horas.,"Después de la publicación real, registrar Fecha_Publicacion_Local/Hora_Publicacion_Local y extraer métricas 24h/72h.",2026-08-16_Calendario_Operativo_17_30_Agosto.csv; Meta Graph API v26; facebook_schedule_api_results.jsonl
OBS-FB-17_30-61,EXP-2026-08-CAL-01,HB-003|HB-004|HB-005,Publicacion,2026-08-27,2026-08-27,2608055 - Kiri - Parezco normal.jpeg,Facebook,Imagen estática / meme,Nueva,1,,,,,19:00,,1036844829507460_122151378639072582,,,No_aplica,Programada,Pendiente_Publicacion,Post programado y confirmado por Meta; is_published=false; pendiente de publicación real y de métricas 24/72 horas.,"Después de la publicación real, registrar Fecha_Publicacion_Local/Hora_Publicacion_Local y extraer métricas 24h/72h.",2026-08-16_Calendario_Operativo_17_30_Agosto.csv; Meta Graph API v26; facebook_schedule_api_results.jsonl
OBS-FB-17_30-62,EXP-2026-08-CAL-01,HB-003|HB-004|HB-005,Publicacion,2026-08-28,2026-08-28,260527 - Universe.png,Facebook,Imagen estática / meme,Reuse_Top,1,,,,,10:00,,1036844829507460_122151378717072582,,,No_aplica,Programada,Pendiente_Publicacion,Post programado y confirmado por Meta; is_published=false; pendiente de publicación real y de métricas 24/72 horas.,"Después de la publicación real, registrar Fecha_Publicacion_Local/Hora_Publicacion_Local y extraer métricas 24h/72h.",2026-08-16_Calendario_Operativo_17_30_Agosto.csv; Meta Graph API v26; facebook_schedule_api_results.jsonl
OBS-FB-17_30-63,EXP-2026-08-CAL-01,HB-003|HB-004|HB-005,Publicacion,2026-08-28,2026-08-28,260550 - Universe.png,Facebook,Imagen estática / meme,Reuse_Reserve,1,,,,,11:00,,1036844829507460_122151378807072582,,,No_aplica,Programada,Pendiente_Publicacion,Post programado y confirmado por Meta; is_published=false; pendiente de publicación real y de métricas 24/72 horas.,"Después de la publicación real, registrar Fecha_Publicacion_Local/Hora_Publicacion_Local y extraer métricas 24h/72h.",2026-08-16_Calendario_Operativo_17_30_Agosto.csv; Meta Graph API v26; facebook_schedule_api_results.jsonl
OBS-FB-17_30-64,EXP-2026-08-CAL-01,HB-003|HB-004|HB-005,Publicacion,2026-08-28,2026-08-28,2608059 - Kael - Si la vida te da limones.jpeg,Facebook,Imagen estática / meme,Nueva,1,,,,,13:30,,1036844829507460_122151378879072582,,,No_aplica,Programada,Pendiente_Publicacion,Post programado y confirmado por Meta; is_published=false; pendiente de publicación real y de métricas 24/72 horas.,"Después de la publicación real, registrar Fecha_Publicacion_Local/Hora_Publicacion_Local y extraer métricas 24h/72h.",2026-08-16_Calendario_Operativo_17_30_Agosto.csv; Meta Graph API v26; facebook_schedule_api_results.jsonl
OBS-FB-17_30-65,EXP-2026-08-CAL-01,HB-003|HB-004|HB-005,Publicacion,2026-08-28,2026-08-28,260543 - Evan.png,Facebook,Imagen estática / meme,Reuse_Top,1,,,,,19:00,,1036844829507460_122151378969072582,,,No_aplica,Programada,Pendiente_Publicacion,Post programado y confirmado por Meta; is_published=false; pendiente de publicación real y de métricas 24/72 horas.,"Después de la publicación real, registrar Fecha_Publicacion_Local/Hora_Publicacion_Local y extraer métricas 24h/72h.",2026-08-16_Calendario_Operativo_17_30_Agosto.csv; Meta Graph API v26; facebook_schedule_api_results.jsonl
OBS-FB-17_30-66,EXP-2026-08-CAL-01,HB-003|HB-004|HB-005,Publicacion,2026-08-29,2026-08-29,2608045 - Kiri+Evan - No te voy a mentir.jpeg,Facebook,Imagen estática / meme,Nueva,1,,,,,10:00,,1036844829507460_122151379047072582,,,No_aplica,Programada,Pendiente_Publicacion,Post programado y confirmado por Meta; is_published=false; pendiente de publicación real y de métricas 24/72 horas.,"Después de la publicación real, registrar Fecha_Publicacion_Local/Hora_Publicacion_Local y extraer métricas 24h/72h.",2026-08-16_Calendario_Operativo_17_30_Agosto.csv; Meta Graph API v26; facebook_schedule_api_results.jsonl
OBS-FB-17_30-67,EXP-2026-08-CAL-01,HB-003|HB-004|HB-005,Publicacion,2026-08-29,2026-08-29,741 - Elara+Maeve.png,Facebook,Imagen estática / meme,Reuse_Top,1,,,,,11:00,,1036844829507460_122151379125072582,,,No_aplica,Programada,Pendiente_Publicacion,Post programado y confirmado por Meta; is_published=false; pendiente de publicación real y de métricas 24/72 horas.,"Después de la publicación real, registrar Fecha_Publicacion_Local/Hora_Publicacion_Local y extraer métricas 24h/72h.",2026-08-16_Calendario_Operativo_17_30_Agosto.csv; Meta Graph API v26; facebook_schedule_api_results.jsonl
OBS-FB-17_30-68,EXP-2026-08-CAL-01,HB-003|HB-004|HB-005,Publicacion,2026-08-29,2026-08-29,2608047 - Kael - Inolerancia a la lactosa.jpeg,Facebook,Imagen estática / meme,Nueva,1,,,,,13:30,,1036844829507460_122151379203072582,,,No_aplica,Programada,Pendiente_Publicacion,Post programado y confirmado por Meta; is_published=false; pendiente de publicación real y de métricas 24/72 horas.,"Después de la publicación real, registrar Fecha_Publicacion_Local/Hora_Publicacion_Local y extraer métricas 24h/72h.",2026-08-16_Calendario_Operativo_17_30_Agosto.csv; Meta Graph API v26; facebook_schedule_api_results.jsonl
OBS-FB-17_30-69,EXP-2026-08-CAL-01,HB-003|HB-004|HB-005,Publicacion,2026-08-29,2026-08-29,260559 - Universe.png,Facebook,Imagen estática / meme,Reuse_Top,1,,,,,19:00,,1036844829507460_122151379287072582,,,No_aplica,Programada,Pendiente_Publicacion,Post programado y confirmado por Meta; is_published=false; pendiente de publicación real y de métricas 24/72 horas.,"Después de la publicación real, registrar Fecha_Publicacion_Local/Hora_Publicacion_Local y extraer métricas 24h/72h.",2026-08-16_Calendario_Operativo_17_30_Agosto.csv; Meta Graph API v26; facebook_schedule_api_results.jsonl
OBS-FB-17_30-70,EXP-2026-08-CAL-01,HB-003|HB-004|HB-005,Publicacion,2026-08-30,2026-08-30,2608054 - Maeve - Salgamos a hablar de todo.jpeg,Facebook,Imagen estática / meme,Nueva,1,,,,,10:00,,1036844829507460_122151379371072582,,,No_aplica,Programada,Pendiente_Publicacion,Post programado y confirmado por Meta; is_published=false; pendiente de publicación real y de métricas 24/72 horas.,"Después de la publicación real, registrar Fecha_Publicacion_Local/Hora_Publicacion_Local y extraer métricas 24h/72h.",2026-08-16_Calendario_Operativo_17_30_Agosto.csv; Meta Graph API v26; facebook_schedule_api_results.jsonl
OBS-FB-17_30-71,EXP-2026-08-CAL-01,HB-003|HB-004|HB-005,Publicacion,2026-08-30,2026-08-30,260650 - Universe.png,Facebook,Imagen estática / meme,Reuse_Top,1,,,,,13:30,,1036844829507460_122151379461072582,,,No_aplica,Programada,Pendiente_Publicacion,Post programado y confirmado por Meta; is_published=false; pendiente de publicación real y de métricas 24/72 horas.,"Después de la publicación real, registrar Fecha_Publicacion_Local/Hora_Publicacion_Local y extraer métricas 24h/72h.",2026-08-16_Calendario_Operativo_17_30_Agosto.csv; Meta Graph API v26; facebook_schedule_api_results.jsonl
OBS-FB-17_30-72,EXP-2026-08-CAL-01,HB-003|HB-004|HB-005,Publicacion,2026-08-30,2026-08-30,2608051 - Universe - Mi unico defecto es que me gusta cger.jpeg,Facebook,Imagen estática / meme,Nueva,1,,,,,16:00,,1036844829507460_122151379545072582,,,No_aplica,Programada,Pendiente_Publicacion,Post programado y confirmado por Meta; is_published=false; pendiente de publicación real y de métricas 24/72 horas.,"Después de la publicación real, registrar Fecha_Publicacion_Local/Hora_Publicacion_Local y extraer métricas 24h/72h.",2026-08-16_Calendario_Operativo_17_30_Agosto.csv; Meta Graph API v26; facebook_schedule_api_results.jsonl
OBS-FB-17_30-73,EXP-2026-08-CAL-01,HB-003|HB-004|HB-005,Publicacion,2026-08-30,2026-08-30,260617 - Elara+Kael.png,Facebook,Imagen estática / meme,Reuse_Reserve,1,,,,,19:00,,1036844829507460_122151379623072582,,,No_aplica,Programada,Pendiente_Publicacion,Post programado y confirmado por Meta; is_published=false; pendiente de publicación real y de métricas 24/72 horas.,"Después de la publicación real, registrar Fecha_Publicacion_Local/Hora_Publicacion_Local y extraer métricas 24h/72h.",2026-08-16_Calendario_Operativo_17_30_Agosto.csv; Meta Graph API v26; facebook_schedule_api_results.jsonl
OBS-FB-17_30-74,EXP-2026-08-CAL-01,HB-003|HB-004|HB-005,Publicacion,2026-08-30,2026-08-30,260528 - Universe.png,Facebook,Imagen estática / meme,Reuse_Top,1,,,,,22:00,,1036844829507460_122151379707072582,,,No_aplica,Programada,Pendiente_Publicacion,Post programado y confirmado por Meta; is_published=false; pendiente de publicación real y de métricas 24/72 horas.,"Después de la publicación real, registrar Fecha_Publicacion_Local/Hora_Publicacion_Local y extraer métricas 24h/72h.",2026-08-16_Calendario_Operativo_17_30_Agosto.csv; Meta Graph API v26; facebook_schedule_api_results.jsonl
OBS-IG-15_16-02,EXP-2026-08-CAL-01,HB-003|HB-004|HB-005,Publicacion,2026-08-16,2026-08-16,2608036- Elara+Evan - Nadie nos soporta.jpeg,Instagram,Imagen estática,Nueva,1,,,,,16:30,15:05:30,18342854773266069,,,Aprobado,Eliminada_Manualmente,Excluida_del_aprendizaje,"Meta confirmó la publicación manual inmediata, pero Fernando la eliminó posteriormente. No es evidencia válida de programación a la hora solicitada ni debe mezclarse con el experimento activo.",No medir como publicación activa; conservar solo como trazabilidad y no republicar automáticamente.,Meta Graph API v26; instagram_result local; aprobación explícita de Fernando; auditoría 2026-08-16
OBS-IG-15_16-03,EXP-2026-08-CAL-01,HB-003|HB-004|HB-005,Publicacion,2026-08-16,2026-08-16,2608060 - Kael+Maeve - gustos salvajones.jpeg,Instagram,Imagen estática,Nueva,1,,,,,19:00,15:05:44,17922210816414183,,,Aprobado,Eliminada_Manualmente,Excluida_del_aprendizaje,"Meta confirmó la publicación manual inmediata, pero Fernando la eliminó posteriormente. No es evidencia válida de programación a la hora solicitada ni debe mezclarse con el experimento activo.",No medir como publicación activa; conservar solo como trazabilidad y no republicar automáticamente.,Meta Graph API v26; instagram_result local; aprobación explícita de Fernando; auditoría 2026-08-16
OBS-IG-17_08-01,EXP-2026-08-CAL-01,HB-003|HB-004|HB-005,Publicacion,2026-08-16,2026-08-16,2608036- Elara+Evan - Nadie nos soporta.jpeg,Instagram,Imagen estática,Nueva,1,,,,,16:30,18:43:02,17891183814416135,,,Aprobado,Publicado,Pendiente_24h,"Republicación real confirmada por Meta; no usar como evidencia de publicación programada. Medir solo la nueva publicación activa, separada del intento eliminado anterior.",Extraer métricas 24h y 72h; mantener separada la fila histórica eliminada.,Operations/Research/2026-08-17_Instagram_Republicacion_2608036_2608060.json; Meta Graph API v26; aprobación explícita de Fernando
OBS-IG-17_08-02,EXP-2026-08-CAL-01,HB-003|HB-004|HB-005,Publicacion,2026-08-16,2026-08-16,2608060 - Kael+Maeve - gustos salvajones.jpeg,Instagram,Imagen estática,Nueva,1,,,,,19:00,18:43:17,17909839698449207,,,Aprobado,Publicado,Pendiente_24h,"Republicación real confirmada por Meta; no usar como evidencia de publicación programada. Medir solo la nueva publicación activa, separada del intento eliminado anterior.",Extraer métricas 24h y 72h; mantener separada la fila histórica eliminada.,Operations/Research/2026-08-17_Instagram_Republicacion_2608036_2608060.json; Meta Graph API v26; aprobación explícita de Fernando
OBS-IG-17_30-01,EXP-2026-08-CAL-01,HB-003|HB-004|HB-005,Publicacion,2026-08-16,2026-08-16,260633 - Universe.png,Instagram,Imagen estática,Reuse_Top,1,,,,,10:00,23:08:35,17943879225288953,,,No_aplica,Publicado,Pendiente_24h,Publicación manual inmediata fuera de horario; la prueba Instagram queda separada de las métricas estrictas de Facebook.,Capturar corte observado de Instagram y revisar métricas iniciales antes de autorizar la siguiente fila.,Operations/Research/2026-08-17_Instagram_Publicacion_260633.json; Meta Graph API v26; aprobación explícita de Fernando
OBS-IG-17_30-01B,EXP-2026-08-CAL-01,HB-003|HB-004|HB-005,Publicacion,2026-08-17,2026-08-17,260633 - Universe.png,Instagram,Imagen estática,Reuse_Top,1,,,,,10:00,,1564061365193135,,,No_aplica,Programada,Pendiente_Publicacion,Identificador proporcionado por Fernando para duplicación manual; aún no se afirma publicación efectiva sin permalink o estado de Meta.,Verificar publicación real y registrar permalink/hora; después capturar corte observado de Instagram.,2026-08-17_Registros_Instagram_Manual_5.json; confirmación de Fernando en conversación
OBS-IG-17_30-02B,EXP-2026-08-CAL-01,HB-003|HB-004|HB-005,Publicacion,2026-08-19,2026-08-19,260560 - Fantasma.png,Instagram,Imagen estática,Reuse_Top,1,,,,,13:30,,1385059653723843,,,No_aplica,Programada,Pendiente_Publicacion,Identificador proporcionado por Fernando para duplicación manual; aún no se afirma publicación efectiva sin permalink o estado de Meta.,Verificar publicación real y registrar permalink/hora; después capturar corte observado de Instagram.,2026-08-17_Registros_Instagram_Manual_5.json; confirmación de Fernando en conversación
OBS-IG-17_30-03B,EXP-2026-08-CAL-01,HB-003|HB-004|HB-005,Publicacion,2026-08-21,2026-08-21,260614 - Universe.png,Instagram,Imagen estática,Reuse_Top,1,,,,,19:00,,1598897621792943,,,No_aplica,Programada,Pendiente_Publicacion,Identificador proporcionado por Fernando para duplicación manual; aún no se afirma publicación efectiva sin permalink o estado de Meta.,Verificar publicación real y registrar permalink/hora; después capturar corte observado de Instagram.,2026-08-17_Registros_Instagram_Manual_5.json; confirmación de Fernando en conversación
OBS-IG-17_30-04B,EXP-2026-08-CAL-01,HB-003|HB-004|HB-005,Publicacion,2026-08-23,2026-08-23,260625.png,Instagram,Imagen estática,Reuse_Top,1,,,,,22:00,,2631450910602853,,,No_aplica,Programada,Pendiente_Publicacion,Identificador proporcionado por Fernando para duplicación manual; aún no se afirma publicación efectiva sin permalink o estado de Meta.,Verificar publicación real y registrar permalink/hora; después capturar corte observado de Instagram.,2026-08-17_Registros_Instagram_Manual_5.json; confirmación de Fernando en conversación
OBS-IG-17_30-05B,EXP-2026-08-CAL-01,HB-003|HB-004|HB-005,Publicacion,2026-08-25,2026-08-25,260613 - Wilfred.png,Instagram,Imagen estática,Reuse_Top,1,,,,,17:00,,1372611618180903,,,No_aplica,Programada,Pendiente_Publicacion,Identificador proporcionado por Fernando para duplicación manual; aún no se afirma publicación efectiva sin permalink o estado de Meta.,Verificar publicación real y registrar permalink/hora; después capturar corte observado de Instagram.,2026-08-17_Registros_Instagram_Manual_5.json; confirmación de Fernando en conversación
OBS-IG-17_30-06B,EXP-2026-08-CAL-01,HB-003|HB-004|HB-005,Publicacion,2026-08-30,2026-08-30,260528 - Universe.png,Instagram,Imagen estática,Reuse_Top,1,,,,,22:00,,1406763488012220,,,No_aplica,Programada,Pendiente_Publicacion,Identificador proporcionado por Fernando para duplicación manual; aún no se afirma publicación efectiva sin permalink o estado de Meta.,Verificar publicación real y registrar permalink/hora; después capturar corte observado de Instagram.,2026-08-17_Registros_Instagram_Manual_5.json; confirmación de Fernando en conversación
P0-CLOSE-2026-08-19,EXP-2026-08-CAL-01,HB-003|HB-004|HB-005,Experimento,2026-08-17,2026-08-19,Cinco publicaciones P0 del 17 de agosto,Facebook,Imagen estática,Mixto,5,785,,157,197,,,,,,No_aplica,Cerrada_con_limitacion,Corte observado; no equivale a snapshots exactos 24/72h,"2608028 concentra 636/785 interacciones observadas; señal provisional a favor de identificación emocional, visual claro y caption mínimo, sin validar causalidad de horario.",Usar el aprendizaje como señal editorial y mantener la extracción exacta 24/72h pendiente si Meta habilita payload temporal.,Operations/Research/2026-08-19_P0_Corte_17_Agosto.md; Operations/Research/2026-08-19_P0_17_Agosto_Current_Summary.json; Meta Graph API v26
COHORT-17_30-CUT-20260821,EXP-2026-08-CAL-01,HB-003|HB-004|HB-005,Cohorte,2026-08-17,2026-08-20,Cohorte Facebook 17–30 — corte observado actual,Facebook,Imagen estática,Cohorte_Mixta,19,1095,,35,240,Mixto,,,,,No_aplica,Corte_Observado,Corte_Observado_Lifetime,19 imágenes; 1095 interacciones observadas; 2 Reels excluidos del agregado; no es snapshot exacto 24/72h.,"Continuar cortes observados y mantener separación de P0, Reels y afiliados; no inferir causalidad de horario.",Operations/Research/2026-08-20_Cohorte_17_30_Current_Cut.json; Operations/Research/2026-08-20_Cohorte_17_30_Meta_Raw_Current.json; Meta Graph API v26
OBS-DAILY-20260821-2200,EXP-2026-08-DAILY-20260821,HB-DAILY-LEARNING-01,Reporte_Diario,2026-08-20,2026-08-21,Corte diario Meta 20-21 agosto 22:03,Facebook,Mixto_separado_por_formato,Corte_Diario,12,495,,35,132,,22:03,,,,No_aplica,Publicado,"El corte concentra 475 interacciones en 10 imágenes y 20 en 2 Reels. Por familia, Relatable_Social suma 156 interacciones/52 shares (n=3), Difusión_Minimal 148/33 (n=3), Ácido_Interpersonal 64/16 (n=2), Personaje_Marcador 78/24 (n=1), Conversación_Relacional 29/3 (n=1) y los Reels observados 20/4. Por personaje, Universe suma 256/67 en seis piezas, pero la señal cruza Universe, Ganso y una pieza sin personaje identificado; no se atribuye causalidad al personaje. Los shares favorecen situaciones transferibles y captions mínimos; los comentarios se concentran especialmente en las piezas ácidas/relacionales, pero la muestra no es pareada. La hipótesis TAX-02 queda reforzada direccionalmente; HUM-06 compatible pero no universal; HUM-02 exploratoria; Motion + POV/Meme no evaluable por falta de métricas nativas de video.","Continuar cortes diarios y mantener shares como métrica de difusión y comentarios como señal separada de conversación. Diseñar comparables de Relatable_Social, Difusión_Minimal y Ácido_Interpersonal; no canonizar personajes ni familias. Mantener Motion + POV/Meme en una capa propia de Reels. Usar 24/72 solo cuando una celda contractual lo requiera. Ver análisis: Operations/Research/2026-08-21_Analisis_Corte_Diario_Familias_Personajes.md",Operations/Research/2026-08-21_Corte_Diario_Metricas_2200.md; Operations/Research/2026-08-21_Analisis_Corte_Diario_Familias_Personajes.md,Operations/Research/2026-08-21_Corte_Diario_Metricas_2200.md
OBS-MEME-CAD-MEME-CAD-004-20260824-1600,EXP-2026-08-CAL-01,HB-003|HB-004|HB-005,Publicacion,2026-08-24,2026-08-24,MEME-CAD-004_Wilfred_Tablero_v3.png,Facebook,Imagen estática,Nueva,1,,,,,2026-08-24 16:00,,1036844829507460_122154732441072582,,,No_aplica,Publicado,Pendiente_Publicacion,Asset MEME-CAD-004 programado como reemplazo de un reuse; no hay métricas todavía y no se cuenta como publicación real.,Verificar publicación real; registrar hora efectiva y procesar el reporte diario sin ventanas inventadas.,2026-08-16_Calendario_Operativo_17_30_Agosto.csv; 2026-08-23_Propuesta_Cadencia_23_30_MEME-CAD_Review.csv; Meta Graph API v26; aprobación explícita de Fernando 2026-08-22 [RECONCILIACION-PUBLICATION-LOG:20260825T012857Z] Estado_Publicacion confirmado como Publicado desde Publication_Log; no se modificaron métricas ni veredicto.
OBS-MEME-CAD-MEME-CAD-002-20260826-1700,EXP-2026-08-CAL-01,HB-003|HB-004|HB-005,Publicacion,2026-08-26,2026-08-26,MEME-CAD-002_Fantasma_Sobrio_v1.png,Facebook,Imagen estática,Nueva,1,,,,,2026-08-26 17:00,,1036844829507460_122154732501072582,,,No_aplica,Programada_Meta_Verificado,Pendiente_Publicacion,Asset MEME-CAD-002 programado como reemplazo de un reuse; no hay métricas todavía y no se cuenta como publicación real.,Verificar publicación real; registrar hora efectiva y procesar el reporte diario sin ventanas inventadas.,2026-08-16_Calendario_Operativo_17_30_Agosto.csv; 2026-08-23_Propuesta_Cadencia_23_30_MEME-CAD_Review.csv; Meta Graph API v26; aprobación explícita de Fernando 2026-08-22
OBS-MEME-CAD-MEME-CAD-003-20260827-1700,EXP-2026-08-CAL-01,HB-003|HB-004|HB-005,Publicacion,2026-08-27,2026-08-27,MEME-CAD-003_Silvio_Karma_v3.png,Facebook,Imagen estática,Nueva,1,,,,,2026-08-27 17:00,,1036844829507460_122154732567072582,,,No_aplica,Programada_Meta_Verificado,Pendiente_Publicacion,Asset MEME-CAD-003 programado como reemplazo de un reuse; no hay métricas todavía y no se cuenta como publicación real.,Verificar publicación real; registrar hora efectiva y procesar el reporte diario sin ventanas inventadas.,2026-08-16_Calendario_Operativo_17_30_Agosto.csv; 2026-08-23_Propuesta_Cadencia_23_30_MEME-CAD_Review.csv; Meta Graph API v26; aprobación explícita de Fernando 2026-08-22
OBS-FB-CAD-EXTRA-20260822-2200,EXP-2026-08-CAL-01,HB-003|HB-004|HB-005,Publicacion,2026-08-22,2026-08-22,Universe - Existencial 2607828.png,Facebook,Imagen estática,Reuse_Top,1,,,,,2026-08-22 22:00,,1036844829507460_122154733605072582,,,No_aplica,Publicado,Pendiente_Publicacion,"CNT-083 añadido como slot extra; es programación futura, no publicación real ni evidencia de rendimiento.",Verificar publicación real y dejar que el reporte diario capture el aprendizaje; no estimar métricas 24/72h.,2026-08-16_Calendario_Operativo_17_30_Agosto.csv; 2026-08-22_Cadence_Expansion_22_30_Execution.json; Meta Graph API v26; aprobación explícita de Fernando 2026-08-22 [RECONCILIACION-PUBLICATION-LOG:20260825T012857Z] Estado_Publicacion confirmado como Publicado desde Publication_Log; no se modificaron métricas ni veredicto.
OBS-FB-CAD-EXTRA-20260823-1700,EXP-2026-08-CAL-01,HB-003|HB-004|HB-005,Publicacion,2026-08-23,2026-08-23,Universe - Existencial 2607787.png,Facebook,Imagen estática,Reuse_Top,1,,,,,2026-08-23 17:00,,1036844829507460_122154733665072582,,,No_aplica,Publicado,Pendiente_Publicacion,"CNT-081 añadido como slot extra; es programación futura, no publicación real ni evidencia de rendimiento.",Verificar publicación real y dejar que el reporte diario capture el aprendizaje; no estimar métricas 24/72h.,2026-08-16_Calendario_Operativo_17_30_Agosto.csv; 2026-08-22_Cadence_Expansion_22_30_Execution.json; Meta Graph API v26; aprobación explícita de Fernando 2026-08-22 [RECONCILIACION-PUBLICATION-LOG:20260825T012857Z] Estado_Publicacion confirmado como Publicado desde Publication_Log; no se modificaron métricas ni veredicto.
OBS-FB-CAD-EXTRA-20260828-1600,EXP-2026-08-CAL-01,HB-003|HB-004|HB-005,Publicacion,2026-08-28,2026-08-28,MEME-CAD-001_Universe_Envidia_v1.png,Facebook,Imagen estática,Nueva,1,,,,,2026-08-28 16:00,,1036844829507460_122154733719072582,,,No_aplica,Programada_Meta_Verificado,Pendiente_Publicacion,"MEME-CAD-001 añadido como slot extra; es programación futura, no publicación real ni evidencia de rendimiento.",Verificar publicación real y dejar que el reporte diario capture el aprendizaje; no estimar métricas 24/72h.,2026-08-16_Calendario_Operativo_17_30_Agosto.csv; 2026-08-22_Cadence_Expansion_22_30_Execution.json; Meta Graph API v26; aprobación explícita de Fernando 2026-08-22
OBS-FB-CAD-EXTRA-20260829-1600,EXP-2026-08-CAL-01,HB-003|HB-004|HB-005,Publicacion,2026-08-29,2026-08-29,MEME-CAD-005_Evan_Indirecta_Pregunta_v4.png,Facebook,Imagen estática,Nueva,1,,,,,2026-08-29 16:00,,1036844829507460_122154733797072582,,,No_aplica,Programada_Meta_Verificado,Pendiente_Publicacion,"MEME-CAD-005 añadido como slot extra; es programación futura, no publicación real ni evidencia de rendimiento.",Verificar publicación real y dejar que el reporte diario capture el aprendizaje; no estimar métricas 24/72h.,2026-08-16_Calendario_Operativo_17_30_Agosto.csv; 2026-08-22_Cadence_Expansion_22_30_Execution.json; Meta Graph API v26; aprobación explícita de Fernando 2026-08-22
OBS-DAILY-20260822-2200,EXP-2026-08-DAILY-20260822,HB-DAILY-LEARNING-01,Reporte_Diario,2026-08-22,2026-08-22,Corte diario Meta 22 agosto 22:02; 5 imágenes + 1 Reel,Facebook,Mixto_separado_por_formato,Corte_Diario,6,145,,,18,22:00,22:02,,,,No_aplica,Publicado,Corte_Observado,"El corte contiene 5 imágenes con 127 interacciones conocidas y 1 Reel con 18. En imágenes, 2608050 lidera con 51 interacciones y 8 shares; 260589 lidera comentarios con 12. CNT-083/2607828 se publicó al cierre y no es evaluable; sus shares no fueron expuestos. Dos piezas nuevas carecen todavía de taxonomía permanente. TAX-02 queda compatible direccionalmente, HUM-06 compatible no universal, HUM-02 exploratoria y HB-REEL-MOTION-POV-MEME-01 permanece en L1 sin views/reach/retención. No se interpretan cifras como delta diario ni se llenan 24/72h.",Continuar cortes diarios; volver a medir CNT-083 después de suficiente exposición; mantener Reels y afiliados separados; no modificar cadencia por este corte aislado.,2026-08-22_Corte_Diario_Metricas_2200.md; 2026-08-22_Analisis_Corte_Diario_Familias_Personajes.md; 2026-08-22_Meta_Daily_Metrics_Raw.json; Meta Graph API v26
OBS-WEEKLY-20260816-20260822,EXP-2026-08-WEEKLY-CLOSE-01,HB-WEEKLY-CYCLE-01|HB-REEL-MOTION-POV-MEME-01,Cierre_Semanal,2026-08-16,2026-08-22,42 publicaciones Facebook: 38 imágenes/posts + 4 Reels,Facebook,Mixto_separado_por_formato,Cierre_Semanal_Domingo_Sabado,42,3464,,40.5,819_conocidos;2_ausentes,,,Multiple_ver_Weekly_Metrics_Joined,,,No_aplica,Publicado_observado,Cierre_Observado_No_Causal,"La semana reunió 38 imágenes con 3421 interacciones y mediana 46, y 4 Reels con 43 y mediana 11.5. El total depende de outliers: 2608028 aporta 1004 y los top 5 suman 57.5% de las interacciones de imágenes. Viernes 21 tuvo la mejor mediana diaria (117); sábado 22 cerró en 23 con exposición inmadura en el último slot. La mezcla de imágenes calendarizadas fue 16 nuevas y 17 Reuse_Top, 48.5%/51.5%. El ciclo domingo-sábado queda activo como convención de reporte, pero domingo no se declara ganador; se requieren 4-6 ciclos con controles. MPM-001 sigue en L1 sin views/reach/retención.",Repetir cierres domingo-sábado; comparar domingos contra domingos; mantener reportes diarios como fuente primaria; madurar métricas de MPM-001 y construir celdas comparables.,2026-08-22_Analisis_Semanal_20260816_20260822.md; 2026-08-22_Weekly_Metrics_20260816_20260822_Raw.json; 2026-08-22_Weekly_Metrics_20260816_20260822_Joined.csv; Meta Graph API v26
OBS-FB-REEL-RECON-20260823,EXP-2026-08-WEEKLY-CLOSE-01,HB-REEL-MOTION-POV-MEME-01|HB-REEL-MUSIC-WALK-01,Reconciliación,2026-08-20,2026-08-22,MPM-001 | CON-2026-08-21-UniverseSenales | CON-2026-08-20-RemoteControl-EvanElara,Facebook,Reel,Reconciliación_Meta_Reels,3,48,,12,12.5,,MPM-001=17:23:57; CON-2026-08-21-UniverseSenales=16:30:59; CON-2026-08-20-RemoteControl-EvanElara=18:04:21,1036844829507460_122154842337072582|1036844829507460_122154017667072582|1036844829507460_122153750763072582,,,No_aplica,Publicado_observado,Corte_Observado_Lifetime,"Los tres posts ya estaban identificados en el inventario especializado de Reels o en el registro maestro, pero no estaban enlazados a los ledgers principales. La reconciliación Meta↔Reels↔Publication Log↔ExperimentLog queda completa para estos IDs. El snapshot lifetime observable suma 48 interacciones (12 de mediana) y no constituye un cierre 24/72h ni un veredicto causal.",Mantener los tres casos como observación L1 de Reels; no mezclar el snapshot lifetime con 24/72h. Completar ventanas temporales solo si aparece una fuente nativa con fecha de corte explícita y conservar MPM-001 separado por plataforma.,2026-08-23_Facebook_Post_Reconciliation.json; 2026-08-23_Facebook_Performance_Meta_API.json; 2026-08-21_Reels_Publication_Inventory.csv; 2026-08-22_Reels_Meta_Readonly_Reconciliation.json
