drive_id,name,mimeType,size,createdTime,modifiedTime,md5Checksum,drive_bucket,availability_status,last_publication_date,thirty_day_rule,eligible_for_current_test
1xlVedrKxRUHqfd-n0Cg18kfQLkbn3Tdd,260503 - Evana+Kiri.png,image/png,1973486,2026-05-02T17:10:59.714Z,2026-08-14T20:26:38.506Z,90f49231118c9d4b5dd4943773857c03,05 Mayo / raíz,Available_Current_Root,Unknown_May_2026,User_confirmed_not_published_last_30_days,Pending_Performance_And_Canon_Check
1c_AQFPbigiR39cH7f39h2MzCFvQL799b,260508 - Universe.jpg,image/jpeg,156748,2026-05-02T19:57:56.894Z,2026-08-14T20:26:53.366Z,c3da9ce47ef67c47fbc6c1299e634b8c,05 Mayo / raíz,Available_Current_Root,Unknown_May_2026,User_confirmed_not_published_last_30_days,Pending_Performance_And_Canon_Check
1IN_JJXhuuswam_TjDvwHgPSeHeiT847o,260510 - Universe.png,image/png,2023371,2026-05-05T00:00:17.754Z,2026-08-14T20:27:07.669Z,97ecb3f62e0e1f1e13dfa2aca855f896,05 Mayo / raíz,Available_Current_Root,Unknown_May_2026,User_confirmed_not_published_last_30_days,Pending_Performance_And_Canon_Check
1mKJlE_syET5wViopRT7uglpPcnwrqxpY,260511 - Evan.png,image/png,2487080,2026-05-05T00:12:36.374Z,2026-08-14T20:27:19.426Z,53659d55876b0e325d20acdc85189585,05 Mayo / raíz,Available_Current_Root,Unknown_May_2026,User_confirmed_not_published_last_30_days,Pending_Performance_And_Canon_Check
1_JBqkngJvALU1VTH479H8G5ABscHm-7H,260513 - Maeve.png,image/png,2104161,2026-05-05T00:30:24.731Z,2026-08-14T20:27:27.654Z,9d034e8c48a820028a2364f6e8a9030b,05 Mayo / raíz,Available_Current_Root,Unknown_May_2026,User_confirmed_not_published_last_30_days,Pending_Performance_And_Canon_Check
1XABm24qdo3m_KDqGYRhAQX8N2yco8L0s,260514 - Que feo fingir que estas bien.png,image/png,2140987,2026-05-05T01:02:05.257Z,2026-08-14T20:28:01.331Z,6765da74825d66f1f231eae4887c09c5,05 Mayo / raíz,Available_Current_Root,Unknown_May_2026,User_confirmed_not_published_last_30_days,Pending_Performance_And_Canon_Check
1wlOLNcrP4Z-bhYq_Pp7Azgg9jWVxdzSW,260515 - Universe.png,image/png,1822616,2026-05-05T21:43:26.631Z,2026-08-14T20:28:09.401Z,c3e9b2efb7ce26bf199d62fc11525ac0,05 Mayo / raíz,Available_Current_Root,Unknown_May_2026,User_confirmed_not_published_last_30_days,Pending_Performance_And_Canon_Check
1BoAG7gNF7bfsK-GMBj7uvxh9RykqgxzR,260517 - Maeve.png,image/png,2154624,2026-05-05T22:09:15.169Z,2026-08-14T20:32:27.860Z,1ec9eac84b3c62afcb0a5a6683c60dbc,05 Mayo / raíz,Available_Current_Root,Unknown_May_2026,User_confirmed_not_published_last_30_days,Pending_Performance_And_Canon_Check
1Af3hrPfGipHgisKzc5KcoXSlKXZht3xj,260518 - Kael.png,image/png,2075455,2026-05-05T22:29:16.732Z,2026-08-14T20:32:39.334Z,75f99618525cdd56fef014f2d839e7ec,05 Mayo / raíz,Available_Current_Root,Unknown_May_2026,User_confirmed_not_published_last_30_days,Pending_Performance_And_Canon_Check
1T9TBKZemuoK0yyegnNweCyASd55gtE7B,260519 - Maeve+Evan+Elara.png,image/png,2613490,2026-05-06T22:51:12.381Z,2026-08-14T20:32:59.526Z,6c93cd933f8b762209c5a4dcb14029e6,05 Mayo / raíz,Available_Current_Root,Unknown_May_2026,User_confirmed_not_published_last_30_days,Pending_Performance_And_Canon_Check
1epCA97PaIhn5YDMmTYKJEKJUPga5HthM,260520 - Evana+Elara.png,image/png,2548784,2026-05-06T22:59:51.045Z,2026-08-14T20:33:12.790Z,a7b75fcea088a47a27c32643ca0944ca,05 Mayo / raíz,Available_Current_Root,Unknown_May_2026,User_confirmed_not_published_last_30_days,Pending_Performance_And_Canon_Check
1bC7YsLeWrMxouKjDeQGaTIt3xPK8HwQF,260522.png,image/png,2942124,2026-05-07T17:42:48.688Z,2026-08-14T20:33:17.017Z,44063908d2a4f648fb2219b6f9d0696e,05 Mayo / raíz,Available_Current_Root,Unknown_May_2026,User_confirmed_not_published_last_30_days,Pending_Performance_And_Canon_Check
1mZAYjKD9aTAD4CODMDtNls2RKQU-6uQX,260524 - Universe.png,image/png,2275733,2026-05-07T17:53:29.516Z,2026-08-14T20:33:33.440Z,ebd0e593f23286f03d1361c3460dddaa,05 Mayo / raíz,Available_Current_Root,Unknown_May_2026,User_confirmed_not_published_last_30_days,Pending_Performance_And_Canon_Check
10pd1kRstf89Y28guEZabpjfun6H4GGG3,260527 - Universe.png,image/png,2015734,2026-05-07T18:29:11.278Z,2026-08-14T20:33:46.774Z,23604be188694f42bfa0efc2f5c0ec68,05 Mayo / raíz,Available_Current_Root,Unknown_May_2026,User_confirmed_not_published_last_30_days,Pending_Performance_And_Canon_Check
1LmngFJ1-jK14sd65nqm2Jg2KSE3e5NMO,260528 - Universe.png,image/png,1880718,2026-05-08T18:23:29.662Z,2026-08-14T20:33:54.713Z,36c026f6df7a153598c70f3cdbbc005d,05 Mayo / raíz,Available_Current_Root,Unknown_May_2026,User_confirmed_not_published_last_30_days,Pending_Performance_And_Canon_Check
1OJQff_6bmxOCtswUg2tZCUeF8fVVWL0u,260531 - Maeve.png,image/png,1617274,2026-05-08T18:44:53.937Z,2026-08-14T20:34:20.521Z,a7e1b8002fbeffd5b24769037ace4833,05 Mayo / raíz,Available_Current_Root,Unknown_May_2026,User_confirmed_not_published_last_30_days,Pending_Performance_And_Canon_Check
1MpixcVdbWqG0crzYNFcfqL-GmDeTSnjm,260532 - Universe.png,image/png,2167651,2026-05-08T19:02:07.161Z,2026-08-14T20:34:29.695Z,672fe4489db0262437c512093eac245c,05 Mayo / raíz,Available_Current_Root,Unknown_May_2026,User_confirmed_not_published_last_30_days,Pending_Performance_And_Canon_Check
1IJ6JYu0irIyddtgF9E6swKws3R7-CeIJ,260533.png,image/png,2096358,2026-05-08T19:13:57.961Z,2026-08-14T20:34:32.506Z,be693fbc6f590881f08551e84837a4b4,05 Mayo / raíz,Available_Current_Root,Unknown_May_2026,User_confirmed_not_published_last_30_days,Pending_Performance_And_Canon_Check
16FWmPSuUHNrjDYTxIGRCEt9lJ_6HYe04,260534 - Evan+Kiri.png,image/png,1995818,2026-05-08T19:17:27.702Z,2026-08-14T20:34:47.446Z,1db60ce93c74ecf99e6c1c86177d7b6b,05 Mayo / raíz,Available_Current_Root,Unknown_May_2026,User_confirmed_not_published_last_30_days,Pending_Performance_And_Canon_Check
1NsjLXYujwBA1-vuvzPQUdRQpOpr2u_bL,260535 - Evan.png,image/png,2270149,2026-05-08T19:21:28.226Z,2026-08-14T20:34:57.871Z,09ef8aa904983c41f4870d211a44718e,05 Mayo / raíz,Available_Current_Root,Unknown_May_2026,User_confirmed_not_published_last_30_days,Pending_Performance_And_Canon_Check
1qcF0xj86AJ5Pw2EsmQYJFt12zxyoAxIX,260536 - Evan+Kiri.png,image/png,2205130,2026-05-08T19:25:16.117Z,2026-08-14T20:35:07.394Z,74b73620c08c633b08bd21a6c6a588d5,05 Mayo / raíz,Available_Current_Root,Unknown_May_2026,User_confirmed_not_published_last_30_days,Pending_Performance_And_Canon_Check
1WZv6jb4Qkmzowk9zB5_mKS05qjoTlqGk,260537.png,image/png,5993248,2026-05-08T19:29:16.096Z,2026-08-14T20:35:11.565Z,d784989e970a358affe1df39f7f4fa09,05 Mayo / raíz,Available_Current_Root,Unknown_May_2026,User_confirmed_not_published_last_30_days,Pending_Performance_And_Canon_Check
19G-oI24MJfFQUOwdB1GJf79Ihy7Fm2Qe,260538 - Universe.png,image/png,1942798,2026-05-08T19:32:03.143Z,2026-08-14T20:35:16.435Z,916c4101828f39576a033f206149ff27,05 Mayo / raíz,Available_Current_Root,Unknown_May_2026,User_confirmed_not_published_last_30_days,Pending_Performance_And_Canon_Check
1KNu65N-ND9fNJhgLQXbebMGgLvYCSSei,260539 - Evan+Kiri.png,image/png,2077856,2026-05-08T19:49:49.677Z,2026-08-14T20:35:26.727Z,e59051560d24ffe3cb6f47da3da255d7,05 Mayo / raíz,Available_Current_Root,Unknown_May_2026,User_confirmed_not_published_last_30_days,Pending_Performance_And_Canon_Check
1t5oZ88YMrhgWt2EwZVvHO8RIX6Q5SE_R,260540 - Elara.png,image/png,5626255,2026-05-09T03:14:25.525Z,2026-08-14T20:35:36.362Z,9360dd62939efeab030d5881efba0282,05 Mayo / raíz,Available_Current_Root,Unknown_May_2026,User_confirmed_not_published_last_30_days,Pending_Performance_And_Canon_Check
1s2jBSsKJDxAl9Cy4rA-TCM50gqpN6Xg3,260541.png,image/png,1409175,2026-05-09T03:22:51.531Z,2026-08-14T20:35:41.012Z,b6b8a051f172a5f534604a512225db46,05 Mayo / raíz,Available_Current_Root,Unknown_May_2026,User_confirmed_not_published_last_30_days,Pending_Performance_And_Canon_Check
1NWmVZyQfcSbhc30zfKpFsIAS0vNxq6r_,260542 - Universe.png,image/png,1849187,2026-05-09T03:26:52.234Z,2026-08-14T20:35:48.368Z,4b0f241859382587c3d2004d8f0b315a,05 Mayo / raíz,Available_Current_Root,Unknown_May_2026,User_confirmed_not_published_last_30_days,Pending_Performance_And_Canon_Check
1wZKe6jShWahCGKH34BZB8uQ0qVK847e4,260543 - Evan.png,image/png,1589240,2026-05-09T03:42:59.204Z,2026-08-14T20:35:57.345Z,9759a2ae4ff3095f9ec22dcfdf1afe74,05 Mayo / raíz,Available_Current_Root,Unknown_May_2026,User_confirmed_not_published_last_30_days,Pending_Performance_And_Canon_Check
1nT95V14GATXEYW0kerjlqt0tpaN5ZW4p,260546 - Universe.png,image/png,2358721,2026-05-09T17:19:44.826Z,2026-08-14T20:36:02.468Z,8bca25fc3ac05615aa4a67f4016e9473,05 Mayo / raíz,Available_Current_Root,Unknown_May_2026,User_confirmed_not_published_last_30_days,Pending_Performance_And_Canon_Check
1JbDeCJYVQGohfFvzOPFISDg1Pl_pvXcL,260548 - Wilfred.png,image/png,2567033,2026-05-09T17:46:17.462Z,2026-08-14T20:36:12.641Z,54665f57bff1ec217e3aa9d7c21b08f6,05 Mayo / raíz,Available_Current_Root,Unknown_May_2026,User_confirmed_not_published_last_30_days,Pending_Performance_And_Canon_Check
1uQ88brRy6_RjMmQB0zoYvg2AT-BOhvBr,260549 - Elara.png,image/png,5571244,2026-05-09T17:56:31.305Z,2026-08-14T20:36:20.783Z,2042435ac3e5209eaf08cd6737ff822e,05 Mayo / raíz,Available_Current_Root,Unknown_May_2026,User_confirmed_not_published_last_30_days,Pending_Performance_And_Canon_Check
16P7UK_3ecK9PFc7uyemgp4OuuQEBXk81,260550 - Universe.png,image/png,1838414,2026-05-09T18:18:30.746Z,2026-08-14T20:36:25.635Z,bc537170304b0df9d4f9f22c824a86c4,05 Mayo / raíz,Available_Current_Root,Unknown_May_2026,User_confirmed_not_published_last_30_days,Pending_Performance_And_Canon_Check
15JBoDHRYI8oNZcdvU_cHMT1bcZ1RMmLY,260551 - Kael+Maeve.png,image/png,2286065,2026-05-09T18:22:48.718Z,2026-08-14T20:36:39.137Z,5b9ad89482408d45625630cd676518ae,05 Mayo / raíz,Available_Current_Root,Unknown_May_2026,User_confirmed_not_published_last_30_days,Pending_Performance_And_Canon_Check
13wUwsBjLsEMG7KJ9w9g64Krfet50-jr9,260553 - Evan+Maeve.png,image/png,2611100,2026-05-09T18:47:11.919Z,2026-08-14T20:36:50.997Z,4f31677c89ca65f077d81cb4f497714a,05 Mayo / raíz,Available_Current_Root,Unknown_May_2026,User_confirmed_not_published_last_30_days,Pending_Performance_And_Canon_Check
1r_N-5rOaY8Epq8IKLsKkVf0j5wAFmsY8,260554 - Evan.png,image/png,1609630,2026-05-10T18:12:26.265Z,2026-08-14T20:36:58.127Z,b19207876eca2011a522b04e8a7481c1,05 Mayo / raíz,Available_Current_Root,Unknown_May_2026,User_confirmed_not_published_last_30_days,Pending_Performance_And_Canon_Check
1E5FvblADfY3eG7lwA0Xlr6N4LpTH-sxM,260555.png,image/png,1406188,2026-05-10T20:22:51.830Z,2026-08-14T20:37:02.782Z,da6aedb1161ab378db8d4782508d52a6,05 Mayo / raíz,Available_Current_Root,Unknown_May_2026,User_confirmed_not_published_last_30_days,Pending_Performance_And_Canon_Check
1jD6SxvpbCsvdcaimgR21LyTvrUOQo7Kx,260556 - Universe.png,image/png,2641599,2026-05-11T18:23:11.928Z,2026-08-14T20:38:04.626Z,85ac3e5ef487abc5ea122246aaf04cd1,05 Mayo / raíz,Available_Current_Root,Unknown_May_2026,User_confirmed_not_published_last_30_days,Pending_Performance_And_Canon_Check
1yQF_UocBr8IdTSrn67hoWLfnv9jEyvS3,260557 - Elara.png,image/png,5510630,2026-05-11T18:37:03.593Z,2026-08-14T20:38:12.734Z,eebb3de87671df2a8174fd7a86bfa58f,05 Mayo / raíz,Available_Current_Root,Unknown_May_2026,User_confirmed_not_published_last_30_days,Pending_Performance_And_Canon_Check
1nk6uqwhYBN-eNfggQ4pHVCR8qlU559x8,260558.png,image/png,1988387,2026-05-11T18:44:17.783Z,2026-08-14T20:38:15.898Z,b88f7a896ad06dda4f25f4f10ba2a2c6,05 Mayo / raíz,Available_Current_Root,Unknown_May_2026,User_confirmed_not_published_last_30_days,Pending_Performance_And_Canon_Check
171bzjw4YeEUcXcCAHXKZnTZrHTeweeI7,260559 - Universe.png,image/png,1862220,2026-05-11T18:46:17.607Z,2026-08-14T20:38:21.228Z,5ea986fcd8bab8dc5aa57043d040566c,05 Mayo / raíz,Available_Current_Root,Unknown_May_2026,User_confirmed_not_published_last_30_days,Pending_Performance_And_Canon_Check
1d6Dv4lz2kKTHX2Zl1M-tstOwradmhAyi,260560 - Fantasma.png,image/png,2130291,2026-05-11T18:49:56.550Z,2026-08-14T20:38:28.628Z,b3cb15b0438305a25d9499d2e78095e0,05 Mayo / raíz,Available_Current_Root,Unknown_May_2026,User_confirmed_not_published_last_30_days,Pending_Performance_And_Canon_Check
1yFL7XkZy5m5144CGCs4-dcXDNKu10REj,260561 - Elara+Kiri.png,image/png,2387299,2026-05-11T18:58:32.256Z,2026-08-14T20:38:39.064Z,c7681796c2c14d389495bee7418ee126,05 Mayo / raíz,Available_Current_Root,Unknown_May_2026,User_confirmed_not_published_last_30_days,Pending_Performance_And_Canon_Check
177s9BB36Ik1BWGO9ZoYocrclq7um-e9Z,260562.png,image/png,1987150,2026-05-11T19:01:51.931Z,2026-08-14T20:38:43.038Z,3254c0877f031c7aaed5ec533aba4c56,05 Mayo / raíz,Available_Current_Root,Unknown_May_2026,User_confirmed_not_published_last_30_days,Pending_Performance_And_Canon_Check
1KZBdL7Ih1OvQayobfQ9KMI3NgvK01tBE,260563.png,image/png,5827485,2026-05-11T19:34:49.888Z,2026-08-14T20:38:46.584Z,06166bb55cf2684d7f9fa8879aafb5cc,05 Mayo / raíz,Available_Current_Root,Unknown_May_2026,User_confirmed_not_published_last_30_days,Pending_Performance_And_Canon_Check
1sxr-l_ribCr-GxN1hoyj5T3YONetjDfI,260564.png,image/png,5990453,2026-05-11T19:43:59.976Z,2026-08-14T20:38:49.478Z,fb96d6d955c2b8a7e7224ed96b9fdd96,05 Mayo / raíz,Available_Current_Root,Unknown_May_2026,User_confirmed_not_published_last_30_days,Pending_Performance_And_Canon_Check
1vyNKAqawPE0yYJZYXlnopV2WjB5BlO5H,260565.png,image/png,2298064,2026-05-13T18:42:39.600Z,2026-08-14T20:38:52.134Z,5043c1218eecb325f4c9ce4a65835359,05 Mayo / raíz,Available_Current_Root,Unknown_May_2026,User_confirmed_not_published_last_30_days,Pending_Performance_And_Canon_Check
1u8xEUmOwT7uZmXEJjQyVlM1fYG9uwrkj,260567 - Kiri.png,image/png,1544409,2026-05-14T19:27:18.103Z,2026-08-14T20:38:58.499Z,9a74186df40d232a01e8422860ce4df8,05 Mayo / raíz,Available_Current_Root,Unknown_May_2026,User_confirmed_not_published_last_30_days,Pending_Performance_And_Canon_Check
1r-6oQpkuK7amJs4FV4sQQD7lnmVK6qna,260569 - Evan.png,image/png,2028382,2026-05-14T21:59:28.647Z,2026-08-14T20:39:04.427Z,ddcac6a2b068fb2d1efea6ee50ca543c,05 Mayo / raíz,Available_Current_Root,Unknown_May_2026,User_confirmed_not_published_last_30_days,Pending_Performance_And_Canon_Check
1foEDCpDUGuVn1_5SdAiVGcpsFWzWBadi,260570 - Universe.png,image/png,1835262,2026-05-14T22:06:16.335Z,2026-08-14T20:39:09.438Z,c0a8c8effd74d0aeb4d52cfd62a55272,05 Mayo / raíz,Available_Current_Root,Unknown_May_2026,User_confirmed_not_published_last_30_days,Pending_Performance_And_Canon_Check
1l8b7NwW2kZfC8TnG3OGlEWRCGOpaa6q7,260571 - Kiri.png,image/png,2158702,2026-05-14T22:10:34.637Z,2026-08-14T20:39:15.694Z,953445cdae5c2532233e089e72ac96a1,05 Mayo / raíz,Available_Current_Root,Unknown_May_2026,User_confirmed_not_published_last_30_days,Pending_Performance_And_Canon_Check
1rNj_0cCNT_iVUTgawRFF3UPzHlYw3jEZ,260572 - Maeve+Kael.png,image/png,1964646,2026-05-14T22:14:57.200Z,2026-08-14T20:39:27.173Z,fd4c150b5c81a9cc6a3da9e86993348c,05 Mayo / raíz,Available_Current_Root,Unknown_May_2026,User_confirmed_not_published_last_30_days,Pending_Performance_And_Canon_Check
18ueYKekJ9RGortWr0SQMI9L6uVR5s-pG,260573 - Universe.png,image/png,2188065,2026-05-14T22:21:40.503Z,2026-08-14T20:39:32.048Z,d7e02ff00724e2c622be525815ca8203,05 Mayo / raíz,Available_Current_Root,Unknown_May_2026,User_confirmed_not_published_last_30_days,Pending_Performance_And_Canon_Check
1wfixS1xLHsdYHbmqPU7R8_XQkdGxsqh9,260575.png,image/png,2098616,2026-05-14T22:40:06.616Z,2026-08-14T20:39:39.696Z,ec5220045c1313bfc1b76e5beb63c460,05 Mayo / raíz,Available_Current_Root,Unknown_May_2026,User_confirmed_not_published_last_30_days,Pending_Performance_And_Canon_Check
10ezklYB3Qx4bGc7LsoUu0nrujaTU8fbT,260576 - Maeve+Kael.png,image/png,2199147,2026-05-14T22:45:07.673Z,2026-08-14T20:39:55.825Z,46fa9cde31034df55b44597bd297da5e,05 Mayo / raíz,Available_Current_Root,Unknown_May_2026,User_confirmed_not_published_last_30_days,Pending_Performance_And_Canon_Check
1hlOW9ewZYGOWkbYJeNxxpmNJuwEtyHwz,260578 - Evan+Kiri.png,image/png,2374193,2026-05-15T22:41:20.139Z,2026-08-14T20:40:08.728Z,63afeaa6dda018ab05b836b9ec9bb822,05 Mayo / raíz,Available_Current_Root,Unknown_May_2026,User_confirmed_not_published_last_30_days,Pending_Performance_And_Canon_Check
1WIh64zffZhKUZCSAyH8ZELkqCSXf7Xql,260580 - El wey que lee de todo.png,image/png,2451168,2026-05-15T22:51:50.433Z,2026-08-14T20:40:22.394Z,92e1b783c016352cfc2dd3e28feebc99,05 Mayo / raíz,Available_Current_Root,Unknown_May_2026,User_confirmed_not_published_last_30_days,Pending_Performance_And_Canon_Check
1egRygclJNwE7cpz4IEFsYpc4I5L6zMJ8,260581 - Universe.png,image/png,2243266,2026-05-15T22:54:26.278Z,2026-08-14T20:40:26.552Z,696f40cd71918bdb5e0f075eba2bfab4,05 Mayo / raíz,Available_Current_Root,Unknown_May_2026,User_confirmed_not_published_last_30_days,Pending_Performance_And_Canon_Check
1LP2gRjhajrtuVuMp7nDtgPQnGs_UVQvc,260583 - Universe.png,image/png,1861729,2026-05-15T23:11:24.438Z,2026-08-14T20:40:31.040Z,42ff95405ae7463262fc75271e72b901,05 Mayo / raíz,Available_Current_Root,Unknown_May_2026,User_confirmed_not_published_last_30_days,Pending_Performance_And_Canon_Check
1IBi7g2m_tzcUXR9uChSVumPWz-SgK3_t,260585 - Maeve.png,image/png,2384533,2026-05-15T23:26:06.924Z,2026-08-14T20:40:37.310Z,5dced3bd305f1faeade9b660639144d2,05 Mayo / raíz,Available_Current_Root,Unknown_May_2026,User_confirmed_not_published_last_30_days,Pending_Performance_And_Canon_Check
1T6gRkLwWSBIbTIyD9NnzzADuSYfk2xKI,260586 - Kael.png,image/png,2422811,2026-05-16T01:03:32.743Z,2026-08-14T20:40:44.075Z,cab027878881817288fde94531002c4d,05 Mayo / raíz,Available_Current_Root,Unknown_May_2026,User_confirmed_not_published_last_30_days,Pending_Performance_And_Canon_Check
1CF10RaHBbU15z78Cbi9KNA_7hV7TsYbo,260587 - Evan.png,image/png,1579228,2026-05-16T01:08:22.827Z,2026-08-14T20:40:56.806Z,2d03055d075bd0d27873e696aa1f21d6,05 Mayo / raíz,Available_Current_Root,Unknown_May_2026,User_confirmed_not_published_last_30_days,Pending_Performance_And_Canon_Check
1P57uXhBNAjvuLJKH7YOARn5ggw_6efNc,260589.png,image/png,1341889,2026-05-17T22:05:07.969Z,2026-08-14T20:40:59.676Z,89030961f8861c25bbc4263dd70c98ac,05 Mayo / raíz,Available_Current_Root,Unknown_May_2026,User_confirmed_not_published_last_30_days,Pending_Performance_And_Canon_Check
1VXSbwFRQpdYlU8YKFYtrl6vzqKjkLygV,260590 - Maeve.png,image/png,2240831,2026-05-18T05:01:03.113Z,2026-08-14T20:41:09.665Z,a752fbbe8ffd9bfbab1747fe9be02973,05 Mayo / raíz,Available_Current_Root,Unknown_May_2026,User_confirmed_not_published_last_30_days,Pending_Performance_And_Canon_Check
1ODNJFYpNAtG_AvNl_FpZuzLRa7sVc8R5,260591 - Evan+Kiri.png,image/png,2305871,2026-05-18T19:11:19.261Z,2026-08-14T20:41:21.344Z,27a814feba400e57065b132790b65c78,05 Mayo / raíz,Available_Current_Root,Unknown_May_2026,User_confirmed_not_published_last_30_days,Pending_Performance_And_Canon_Check
1vN061cdm4Y-RgHMFV8V_QwuFblGnlnBO,260592 - Evan.png,image/png,2177517,2026-05-18T22:40:08.131Z,2026-08-14T20:41:28.117Z,89f3508e0cfc9a28563fb6ab7277f1ac,05 Mayo / raíz,Available_Current_Root,Unknown_May_2026,User_confirmed_not_published_last_30_days,Pending_Performance_And_Canon_Check
1AyB_hHntb41yk0bpmQwBnuYOQdTH3h5X,260593 - Universe.png,image/png,1892290,2026-05-18T23:00:33.933Z,2026-08-14T20:41:39.886Z,867ab1a6c8f90a8235ea5768abbeff4e,05 Mayo / raíz,Available_Current_Root,Unknown_May_2026,User_confirmed_not_published_last_30_days,Pending_Performance_And_Canon_Check
1he4eR5iOVignpnvrkiLEHMPy-IgfIOMo,260594 - Maeve.png,image/png,2874443,2026-05-18T23:23:51.657Z,2026-08-14T20:41:46.724Z,723e32ab3985dd31c758d7509926916e,05 Mayo / raíz,Available_Current_Root,Unknown_May_2026,User_confirmed_not_published_last_30_days,Pending_Performance_And_Canon_Check
1rpNh8wwG7byFaV2ZLnstTEqrBAVNncYV,260597 - Evan.png,image/png,2272095,2026-05-19T02:09:27.565Z,2026-08-14T20:41:52.858Z,b684a0195816a7cfc94b35acd600b501,05 Mayo / raíz,Available_Current_Root,Unknown_May_2026,User_confirmed_not_published_last_30_days,Pending_Performance_And_Canon_Check
1n3_zy3MyYkZsnk-xN_3RZHBcj3BeLWJm,260598 - Fantasma.png,image/png,2275785,2026-05-19T02:15:05.966Z,2026-08-14T20:41:59.493Z,49a93f8e91d06f2149d4657b00b82a64,05 Mayo / raíz,Available_Current_Root,Unknown_May_2026,User_confirmed_not_published_last_30_days,Pending_Performance_And_Canon_Check
1VBXqbYq6aoAARQOo5dCix0Vs_MPbouRG,260599.png,image/png,2458411,2026-05-20T21:40:24.012Z,2026-08-14T20:44:09.605Z,dfa708fdf3771020a9ba757ba1d9855d,05 Mayo / raíz,Available_Current_Root,Unknown_May_2026,User_confirmed_not_published_last_30_days,Pending_Performance_And_Canon_Check
19cqxDlKEt7t4iPShilJ5wnbjfA7UPNl8,260600.png,image/png,2454148,2026-05-20T21:56:13.982Z,2026-08-14T20:44:14.353Z,e40964932ee8c172dedf6117f9ce5f22,05 Mayo / raíz,Available_Current_Root,Unknown_May_2026,User_confirmed_not_published_last_30_days,Pending_Performance_And_Canon_Check
1QLinUly6l5VJE1AARBYnPOqaK9bsuf7G,260601 - Evan.png,image/png,2636535,2026-05-20T22:07:47.172Z,2026-08-14T20:44:20.637Z,cc1240e01d51dbd3cff5b9e7cf568c32,05 Mayo / raíz,Available_Current_Root,Unknown_May_2026,User_confirmed_not_published_last_30_days,Pending_Performance_And_Canon_Check
1juGKQsxGMc8Kt-sEMT3TEcKLOJ81ow6H,260603 - Evan+Kiri.png,image/png,2496192,2026-05-20T22:22:43.272Z,2026-08-14T20:44:34.922Z,ad86a1fe3a5dccb26d295aa9c3304d3f,05 Mayo / raíz,Available_Current_Root,Unknown_May_2026,User_confirmed_not_published_last_30_days,Pending_Performance_And_Canon_Check
1y30CI_eAWge582uUw6balqf58RFSbXO-,260605 - Maeve+Kael.png,image/png,2549136,2026-05-20T22:31:40.158Z,2026-08-14T20:44:43.584Z,71e33ab1380a19a750c3735c3648ec32,05 Mayo / raíz,Available_Current_Root,Unknown_May_2026,User_confirmed_not_published_last_30_days,Pending_Performance_And_Canon_Check
1jAMdieKD-F0pCHl6rRLxSxANY5HVxkxv,260606.png,image/png,2244838,2026-05-20T22:47:29.354Z,2026-08-14T20:44:46.365Z,3876cc5ee80316d5a29a3984b322f88f,05 Mayo / raíz,Available_Current_Root,Unknown_May_2026,User_confirmed_not_published_last_30_days,Pending_Performance_And_Canon_Check
1BqrOOjXm26D9m-PfYSH8mhGc9Bga4z9G,260607 - Universe.png,image/png,2248299,2026-05-20T22:49:24.736Z,2026-08-14T20:44:55.008Z,184bc9c685d65c70693bd891c9d8914b,05 Mayo / raíz,Available_Current_Root,Unknown_May_2026,User_confirmed_not_published_last_30_days,Pending_Performance_And_Canon_Check
12kcuj0K3MZ8S9TuRgL5i37GNd0mNmkjh,260608 - Kael.png,image/png,2276270,2026-05-20T22:54:01.589Z,2026-08-14T20:45:01.222Z,fab8c42af9f0c4be7f61ace377196345,05 Mayo / raíz,Available_Current_Root,Unknown_May_2026,User_confirmed_not_published_last_30_days,Pending_Performance_And_Canon_Check
1wiOFtLW8EzoX98Kb3MSU9JJtCP8RJuq3,260609 - Maeve.png,image/png,2403713,2026-05-20T23:38:56.983Z,2026-08-14T20:45:09.758Z,1888d1596382a33851b5cb538eb18133,05 Mayo / raíz,Available_Current_Root,Unknown_May_2026,User_confirmed_not_published_last_30_days,Pending_Performance_And_Canon_Check
1MZeV_Di4NLdxWEOkupYwySl3ugFT0QKN,260611.png,image/png,1399974,2026-05-21T00:01:23.519Z,2026-08-14T20:45:11.718Z,50c0e47a2d8b8c9de055764e0854ba76,05 Mayo / raíz,Available_Current_Root,Unknown_May_2026,User_confirmed_not_published_last_30_days,Pending_Performance_And_Canon_Check
1m0SbNKOW29sxAgUx-WltvJUlbCCbItL0,260612.png,image/png,1413329,2026-05-21T00:03:07.987Z,2026-08-14T20:45:14.309Z,31cb4a4382cdd60964a289c96c494205,05 Mayo / raíz,Available_Current_Root,Unknown_May_2026,User_confirmed_not_published_last_30_days,Pending_Performance_And_Canon_Check
1yAnPsDhu-hESADhtfjMWgkWQdC7hhrqM,260613 - Wilfred.png,image/png,2479062,2026-05-21T00:11:14.183Z,2026-08-14T20:45:24.513Z,1a7717e2ab2e9d7ef772eb081aa4cc9e,05 Mayo / raíz,Available_Current_Root,Unknown_May_2026,User_confirmed_not_published_last_30_days,Pending_Performance_And_Canon_Check
1lZsqVXERwU7mnc80wCugSkjoy2crRLiP,260614 - Universe.png,image/png,2197240,2026-05-21T00:14:01.028Z,2026-08-14T20:45:28.996Z,7d64926ce07f1667641c340d18b53eda,05 Mayo / raíz,Available_Current_Root,Unknown_May_2026,User_confirmed_not_published_last_30_days,Pending_Performance_And_Canon_Check
1ZdjqOt1mY7S3PUK3bSpOAFx75PbepI1G,260615 - Wilfred.png,image/png,1945047,2026-05-21T00:17:54.473Z,2026-08-14T20:45:34.818Z,798e017615926b031ae0934f83b62fbf,05 Mayo / raíz,Available_Current_Root,Unknown_May_2026,User_confirmed_not_published_last_30_days,Pending_Performance_And_Canon_Check
1M8695fxtqZe2d8qJOjG4_zpsVP4NqBg-,260616 - Universe.png,image/png,1826837,2026-05-21T00:20:58.083Z,2026-08-14T20:45:40.962Z,8ca31fb421781e17b6d6bba5ec055a06,05 Mayo / raíz,Available_Current_Root,Unknown_May_2026,User_confirmed_not_published_last_30_days,Pending_Performance_And_Canon_Check
1xcQiKkH9NfgBoVrRfLmdhSBV2ShoXMq3,260617 - Elara+Kael.png,image/png,2351709,2026-05-21T00:27:59.118Z,2026-08-14T20:45:51.427Z,0b4b4619d69cc74223072740dd11012e,05 Mayo / raíz,Available_Current_Root,Unknown_May_2026,User_confirmed_not_published_last_30_days,Pending_Performance_And_Canon_Check
1_is46KEWCkcZ_7pqkSvIyMRwf4pQf9TD,260618 - Universe.png,image/png,2047004,2026-05-21T00:33:56.197Z,2026-08-14T20:45:58.367Z,9980edff5082c13bd2edbc9aa30d3978,05 Mayo / raíz,Available_Current_Root,Unknown_May_2026,User_confirmed_not_published_last_30_days,Pending_Performance_And_Canon_Check
1h1KrufRyZpd16J5_1-MQxNJ5gy9coO3N,260620 - Fantasma.png,image/png,2003177,2026-05-21T00:51:13.295Z,2026-08-14T20:46:03.645Z,04d1b81ac650a90e60d8c7dc59683688,05 Mayo / raíz,Available_Current_Root,Unknown_May_2026,User_confirmed_not_published_last_30_days,Pending_Performance_And_Canon_Check
1p4HCEretUNmMQpwP7N8Ac1JpBRzJXLl2,260621 - Wilfred.png,image/png,2334601,2026-05-21T00:54:22.308Z,2026-08-14T20:46:11.080Z,c5948642367c5e5f99736e3265f47e00,05 Mayo / raíz,Available_Current_Root,Unknown_May_2026,User_confirmed_not_published_last_30_days,Pending_Performance_And_Canon_Check
1NoiG_t6neIBUmZTqRZtkwHxiV9jJERjn,260622 - Universe.png,image/png,1822247,2026-05-22T01:56:41.499Z,2026-08-14T20:46:15.189Z,e9a3f3c70748981b18d5d87331b044be,05 Mayo / raíz,Available_Current_Root,Unknown_May_2026,User_confirmed_not_published_last_30_days,Pending_Performance_And_Canon_Check
1bOiH3ak8PXv3D2xElD8FpTJSw789v-V-,260623 - Maeve.png,image/png,1577293,2026-05-22T02:02:25.947Z,2026-08-14T20:46:23.945Z,45767e1a0511d857453c0a00b0c6182a,05 Mayo / raíz,Available_Current_Root,Unknown_May_2026,User_confirmed_not_published_last_30_days,Pending_Performance_And_Canon_Check
1Mfx7HRQOxwG0DWmSzGLlEvuxUcwafynW,260625.png,image/png,5119927,2026-05-22T02:18:04.575Z,2026-08-14T20:46:26.926Z,9686dd593fc9ee0dfbc8655ea4198bb8,05 Mayo / raíz,Available_Current_Root,Unknown_May_2026,User_confirmed_not_published_last_30_days,Pending_Performance_And_Canon_Check
1IAmfHlYupglHxBzNgr-KRn2vpfPl8_Q3,260626 - Universe.png,image/png,2261204,2026-05-22T02:20:52.501Z,2026-08-14T20:46:31.027Z,72c81cfe87bc32bcd11cacfb7da8e538,05 Mayo / raíz,Available_Current_Root,Unknown_May_2026,User_confirmed_not_published_last_30_days,Pending_Performance_And_Canon_Check
1gWsnEUNc_EwlLsd02S8HrIIyj_hdQDKv,260627 - Maeve.png,image/png,2376522,2026-05-22T02:42:29.068Z,2026-08-14T20:46:36.593Z,5a70f07dd8e386a8c979ecdff3fad4a7,05 Mayo / raíz,Available_Current_Root,Unknown_May_2026,User_confirmed_not_published_last_30_days,Pending_Performance_And_Canon_Check
1bUBbSFIjKrfctLA-v46hqG9r6-NqeL2u,260628 - Evan.png,image/png,2005043,2026-05-22T02:45:57.894Z,2026-08-14T20:46:46.363Z,2e2679bd5ae7f2de65b7134b4c6866f7,05 Mayo / raíz,Available_Current_Root,Unknown_May_2026,User_confirmed_not_published_last_30_days,Pending_Performance_And_Canon_Check
1CAvCXwSrJTcR6vUn4-emOoyfrpZr1Yi-,260630.png,image/png,1388349,2026-05-22T02:52:11.402Z,2026-08-14T20:46:50.127Z,0263537bbfa2c7ab3e1c48d77f1cb055,05 Mayo / raíz,Available_Current_Root,Unknown_May_2026,User_confirmed_not_published_last_30_days,Pending_Performance_And_Canon_Check
1GLGHHVdRKzrOCRRCdKbbc0puVNWvjtqi,260631 - Fantasma.png,image/png,1998057,2026-05-22T02:56:54.320Z,2026-08-14T20:46:57.051Z,92bbf73eb933e085ecd43af13e8e87f0,05 Mayo / raíz,Available_Current_Root,Unknown_May_2026,User_confirmed_not_published_last_30_days,Pending_Performance_And_Canon_Check
1zLi9Yj0U_damCEtJ5RZsCaz1zly92DNj,260632 - Wilfred.png,image/png,2516695,2026-05-22T02:57:14.816Z,2026-08-14T20:47:03.944Z,69c198f7ce050c1d2ce5923ac05e6d43,05 Mayo / raíz,Available_Current_Root,Unknown_May_2026,User_confirmed_not_published_last_30_days,Pending_Performance_And_Canon_Check
1c9vwjclQZ6k-4kkgyMCpV17pnrWzHx9O,260633 - Universe.png,image/png,2554740,2026-05-22T02:59:55.352Z,2026-08-14T20:47:07.730Z,f45c24bb64e459dc72c1070bc5b6b506,05 Mayo / raíz,Available_Current_Root,Unknown_May_2026,User_confirmed_not_published_last_30_days,Pending_Performance_And_Canon_Check
1Q88B1zjhYbKTw1F1dxKyEvqJm6F3oSqN,260634 - Maeve.png,image/png,1608611,2026-05-22T03:02:14.080Z,2026-08-14T20:47:18.618Z,e14dd461c408f89ff5a610ea389a020a,05 Mayo / raíz,Available_Current_Root,Unknown_May_2026,User_confirmed_not_published_last_30_days,Pending_Performance_And_Canon_Check
1wYXYPbjEWPmXa2jazcv-q6bqoKCJfYDB,260635 - Universe.png,image/png,1228880,2026-05-22T03:05:20.369Z,2026-08-14T20:47:30.462Z,e98ed484aa4b196234bd542c540f66bd,05 Mayo / raíz,Available_Current_Root,Unknown_May_2026,User_confirmed_not_published_last_30_days,Pending_Performance_And_Canon_Check
1TqW93TJh7ivIIelo_mx0Ea-nrcq_s03S,260636 - Kiri.png,image/png,1975666,2026-05-22T03:38:24.716Z,2026-08-14T20:47:41.590Z,5f44f0701da1cbf0c4e95bcc0cc2ad5d,05 Mayo / raíz,Available_Current_Root,Unknown_May_2026,User_confirmed_not_published_last_30_days,Pending_Performance_And_Canon_Check
1GB-wIWClFSPNxcF-8LFL2t7d3iel7XNJ,260639 - Wilfred.png,image/png,2511393,2026-05-22T17:05:36.729Z,2026-08-14T20:47:51.070Z,1a6b23f675ef9a91d37d6bdf65d3edfe,05 Mayo / raíz,Available_Current_Root,Unknown_May_2026,User_confirmed_not_published_last_30_days,Pending_Performance_And_Canon_Check
1UU_8uY4ZbS88-KcPg_CoABOes7KKLtps,260640 - Evan.png,image/png,2083977,2026-05-21T04:34:01.681Z,2026-08-14T20:47:58.397Z,fa76215093fc05b520393cde4af42336,05 Mayo / raíz,Available_Current_Root,Unknown_May_2026,User_confirmed_not_published_last_30_days,Pending_Performance_And_Canon_Check
1Ih1xnUuCzE4A97pwJstQNQARe-3Bflr6,260641.png,image/png,5044413,2026-05-30T00:39:49.839Z,2026-08-14T20:48:01.241Z,6692ab23bf7b2cf3e7470f2f9abd6954,05 Mayo / raíz,Available_Current_Root,Unknown_May_2026,User_confirmed_not_published_last_30_days,Pending_Performance_And_Canon_Check
1JD8VkU9IsOZZAZiqwrPDGnJQuVEC5Efj,260642 - Universe+Wilfred.png,image/png,2454563,2026-05-30T00:51:02.854Z,2026-08-14T20:48:13.869Z,672b922e08e3785e59186c924940d1b3,05 Mayo / raíz,Available_Current_Root,Unknown_May_2026,User_confirmed_not_published_last_30_days,Pending_Performance_And_Canon_Check
1HsyVELE6ll-R54UdtD4ZOks4Q_lNALsL,260643 - Maeve+Elara.png,image/png,2569921,2026-05-30T00:57:57.012Z,2026-08-14T20:48:24.293Z,44b157153d11e493f0229b0741b805c5,05 Mayo / raíz,Available_Current_Root,Unknown_May_2026,User_confirmed_not_published_last_30_days,Pending_Performance_And_Canon_Check
1pYa6y0UodlQ00lmGozoCkne19pmKByiw,260644 - Universe.png,image/png,2369757,2026-05-30T01:52:40.261Z,2026-08-14T20:48:28.577Z,7054629206985570d196701b78436399,05 Mayo / raíz,Available_Current_Root,Unknown_May_2026,User_confirmed_not_published_last_30_days,Pending_Performance_And_Canon_Check
1X8KZ5G0OgLlHSA0iGQ1K0xwbwFn3BESQ,260645 - Universe.png,image/png,2563067,2026-05-30T01:56:41.004Z,2026-08-14T20:48:33.116Z,899b9c3cab5d4cf0746bd987b4a6bfb2,05 Mayo / raíz,Available_Current_Root,Unknown_May_2026,User_confirmed_not_published_last_30_days,Pending_Performance_And_Canon_Check
1GLwR4wTG82I-2AJPV7nVUp1daFZjOMzv,260649 - Evan.png,image/png,2320134,2026-05-30T02:26:40.207Z,2026-08-14T20:48:40.605Z,e9ecb7185914ef3b282935797a082d76,05 Mayo / raíz,Available_Current_Root,Unknown_May_2026,User_confirmed_not_published_last_30_days,Pending_Performance_And_Canon_Check
1qL6amvdj4Eolwj_oB3VZkLVPa1rwxZ4J,260650 - Universe.png,image/png,2373273,2026-05-30T02:30:08.384Z,2026-08-14T20:48:46.186Z,a9f1bcdd3c2572dab3d6230ba74f29d1,05 Mayo / raíz,Available_Current_Root,Unknown_May_2026,User_confirmed_not_published_last_30_days,Pending_Performance_And_Canon_Check
1r73P1YRvpT2RH-HR-K9dCbx4j-D1EdfL,260651 - Evan.png,image/png,2490063,2026-05-30T02:40:07.748Z,2026-08-14T20:48:52.361Z,8e94d168d484fb39efdf52d633feef25,05 Mayo / raíz,Available_Current_Root,Unknown_May_2026,User_confirmed_not_published_last_30_days,Pending_Performance_And_Canon_Check
1j1RuPJ423jESi1GL9dsdF0Q7BwVBma6V,260652 - Wilfred.png,image/png,2337079,2026-05-30T02:47:25.308Z,2026-08-14T20:49:01.832Z,7c6f48f548e28a15bd30681beab74f98,05 Mayo / raíz,Available_Current_Root,Unknown_May_2026,User_confirmed_not_published_last_30_days,Pending_Performance_And_Canon_Check
1myDYotfWm0O5HyZhqjOyaR8kZDTjq6tN,260653 - Elara.png,image/png,2317100,2026-05-30T02:52:18.529Z,2026-08-14T20:49:08.760Z,3aa17fc2b3c2a13f10107a51a487549d,05 Mayo / raíz,Available_Current_Root,Unknown_May_2026,User_confirmed_not_published_last_30_days,Pending_Performance_And_Canon_Check
1atiwwAHQ0ZJzg-CLObjBux8XpcckVnTH,260658.png,image/png,1366199,2026-05-30T19:05:48.919Z,2026-08-14T20:49:11.285Z,50e033446a2547850bd684a7fdc52db7,05 Mayo / raíz,Available_Current_Root,Unknown_May_2026,User_confirmed_not_published_last_30_days,Pending_Performance_And_Canon_Check
1Q6tj-xKLWDPvxSsIRVPk17Q8D60LsAPK,260659 - Universe.png,image/png,1924575,2026-05-30T19:51:09.883Z,2026-08-14T20:49:15.245Z,c2288fb30a18012967868de29539e520,05 Mayo / raíz,Available_Current_Root,Unknown_May_2026,User_confirmed_not_published_last_30_days,Pending_Performance_And_Canon_Check
1EtkxIlkP94oR2UDc03JmNqRhonFfqFNR,260660 - Maeve.png,image/png,2195940,2026-05-30T20:00:37.212Z,2026-08-14T20:49:22.332Z,217debc4dd270bf09f281c2900a942b4,05 Mayo / raíz,Available_Current_Root,Unknown_May_2026,User_confirmed_not_published_last_30_days,Pending_Performance_And_Canon_Check
10oJKFcT-lXoRfsRAO3Dgix9Ch5yz3gpO,260663 - Kiri.png,image/png,2514020,2026-05-30T20:12:45.450Z,2026-08-14T20:49:28.464Z,7e9f8244074f2ad4b5ed53258fffc182,05 Mayo / raíz,Available_Current_Root,Unknown_May_2026,User_confirmed_not_published_last_30_days,Pending_Performance_And_Canon_Check
1Oi2M2f8oxrd3wCtBq_zUl9DYI8D4tBeL,260664 - Kiri.png,image/png,2240214,2026-05-30T20:21:24.859Z,2026-08-14T20:49:36.488Z,dea7f39b167807358e007183f030f5eb,05 Mayo / raíz,Available_Current_Root,Unknown_May_2026,User_confirmed_not_published_last_30_days,Pending_Performance_And_Canon_Check
10sXn7ou_APAzPIeFskDOHj6H_386MHh9,260668.png,image/png,2157291,2026-05-30T20:41:37.683Z,2026-08-14T20:49:40.352Z,d0b89af84b0af049f626d71e2c68915a,05 Mayo / raíz,Available_Current_Root,Unknown_May_2026,User_confirmed_not_published_last_30_days,Pending_Performance_And_Canon_Check
1HCMDFosjixMX34oJNCD2RPA26tlA7hUC,260670 - Universe.png,image/png,2448621,2026-05-30T20:45:10.664Z,2026-08-14T20:49:44.464Z,72d4d2cd0a5a2bda795de27d011dfc87,05 Mayo / raíz,Available_Current_Root,Unknown_May_2026,User_confirmed_not_published_last_30_days,Pending_Performance_And_Canon_Check
1zBODSIjUwzVgHWd7K08alMucWq4RvuO5,260673 - Universe.png,image/png,2304297,2026-05-31T18:27:57.879Z,2026-08-14T20:49:49.699Z,2ca7a1fd63280fc081ef23322fd4350f,05 Mayo / raíz,Available_Current_Root,Unknown_May_2026,User_confirmed_not_published_last_30_days,Pending_Performance_And_Canon_Check
1kjnBWYqorukEjwwEhIrlTkeVJzZyoQ7e,741 - Elara+Maeve.png,image/png,2289768,2026-05-02T01:37:11.594Z,2026-08-14T20:24:49.931Z,ce71fe817aa44c2b174a39a2b1e3f428,05 Mayo / raíz,Available_Current_Root,Unknown_May_2026,User_confirmed_not_published_last_30_days,Pending_Performance_And_Canon_Check
1Sk8Gc-DzoyJg9qgFmgdrC8PYi-qkXn-U,742 - Kael.png,image/png,2387175,2026-05-02T02:05:20.702Z,2026-08-14T20:50:44.773Z,160562aaff183faa5d81e2318f4355f7,05 Mayo / raíz,Available_Current_Root,Unknown_May_2026,User_confirmed_not_published_last_30_days,Pending_Performance_And_Canon_Check
1GE-9cR9ib07FPkvvwiwDzX6n0d-EAAJz,743 - Maeve.png,image/png,2084975,2026-05-02T02:15:14.327Z,2026-08-14T20:50:32.381Z,d247a9a7dd880606aedc9c0a63a8effe,05 Mayo / raíz,Available_Current_Root,Unknown_May_2026,User_confirmed_not_published_last_30_days,Pending_Performance_And_Canon_Check
1W4smP2eEtWtZTBkYEaydSqZku27v3OUJ,Complete_image_for_video_202605152346.mp4,video/mp4,4428042,2026-05-16T04:46:08.751Z,2026-05-16T04:46:08.758Z,1b79968b8ea95750de9ac2ee5a3f7da3,05 Mayo / raíz,Available_Current_Root,Unknown_May_2026,User_confirmed_not_published_last_30_days,Pending_Performance_And_Canon_Check
1HB7yV945tmm7ez7ugACRQyrw-Ez83O-o,humor4.16.png,image/png,1973537,2026-03-30T23:25:30.317Z,2026-03-31T00:41:49.197Z,849c8a5d31b79b438e471afc46882947,05 Mayo / raíz,Available_Current_Root,Unknown_May_2026,User_confirmed_not_published_last_30_days,Pending_Performance_And_Canon_Check
10kPUJ27X7MeQnFR2-46-wOFmmS8zoZat,humor4.18.png,image/png,4530177,2026-03-30T23:45:45.018Z,2026-03-31T00:38:25.431Z,07dce38ec27f58edd141cf9c6115e2e9,05 Mayo / raíz,Available_Current_Root,Unknown_May_2026,User_confirmed_not_published_last_30_days,Pending_Performance_And_Canon_Check
1EAhxElWt5iBw4GUqohe0k6vv4zy7xmr3,Image_for_9_16_video_202605152343.mp4,video/mp4,3022075,2026-05-16T04:43:45.911Z,2026-05-16T04:43:45.917Z,7c898bc26da316755a31ca4053bdb215,05 Mayo / raíz,Available_Current_Root,Unknown_May_2026,User_confirmed_not_published_last_30_days,Pending_Performance_And_Canon_Check
1IQYDPRivNewHApiW3TsLzTBN55p3BNyl,Universe - Existencial 260507.png,image/png,1670795,2026-05-02T18:16:22.600Z,2026-05-02T21:34:25.292Z,dfc00d47a2637adeca5a3714c3b42955,05 Mayo / raíz,Available_Current_Root,Unknown_May_2026,User_confirmed_not_published_last_30_days,Pending_Performance_And_Canon_Check
1eVre3AC1EjmEUPHKMjVRbQ3efXtYyh-8,Universe - Existencial 260508.png,image/png,2329314,2026-05-04T19:40:42.126Z,2026-05-04T19:40:42.130Z,6054e79603ab883411dea745ffb7c459,05 Mayo / raíz,Available_Current_Root,Unknown_May_2026,User_confirmed_not_published_last_30_days,Pending_Performance_And_Canon_Check
1oHFdnacgm2AMsaN5Sc3UdeD_Q67F3WG5,Universe - Existencial 260637.png,image/png,2795776,2026-05-22T03:39:58.405Z,2026-05-22T03:45:37.766Z,0578b0fd9c7327c91b67f00617fd10ce,05 Mayo / raíz,Available_Current_Root,Unknown_May_2026,User_confirmed_not_published_last_30_days,Pending_Performance_And_Canon_Check
1Jo-NLnIFPqyZ0Q9DnTopxJ2b89wr8aj3,Universe - Existencial 622.png,image/png,1417267,2026-04-13T23:15:51.471Z,2026-04-13T23:15:51.475Z,e20f7ab3d6b40ed0f2d6d1bbad8ebdb7,05 Mayo / raíz,Available_Current_Root,Unknown_May_2026,User_confirmed_not_published_last_30_days,Pending_Performance_And_Canon_Check
1-8cMH2wwYOpBrHmQseRxCGFkEqeaQil7,Universe - Existencial 702.png,image/png,1311913,2026-04-18T00:38:59.360Z,2026-04-18T00:38:59.362Z,c341514db6b37f288640116ed31293a5,05 Mayo / raíz,Available_Current_Root,Unknown_May_2026,User_confirmed_not_published_last_30_days,Pending_Performance_And_Canon_Check
