period,role,asset_ref,filename_or_concept,meta_id,date,local_time,format,metric_definition,metric_value,reactions,comments,shares,source,selection_note
Mayo_2026,Reuse_Top28,260633,260633 - Universe.png,1036844829507460_122123199435072582,2026-05-23,,Unknown_from_ranking,Reacciones + comentarios + shares,14,11,1,2,2026-08-14_Reuse_Mayo_Ranking.csv,Top28 reuse candidate; best post ID from ranking.
Mayo_2026,Reuse_Top28,260642,260642 - Universe+Wilfred.png,1036844829507460_122124931461072582,2026-05-30,,Unknown_from_ranking,Reacciones + comentarios + shares,12,9,1,2,2026-08-14_Reuse_Mayo_Ranking.csv,Top28 reuse candidate; best post ID from ranking.
Mayo_2026,Reuse_Top28,260528,260528 - Universe.png,1036844829507460_122119022541072582,2026-05-09,,Unknown_from_ranking,Reacciones + comentarios + shares,11,8,2,1,2026-08-14_Reuse_Mayo_Ranking.csv,Top28 reuse candidate; best post ID from ranking.
Mayo_2026,Reuse_Top28,260644,260644 - Universe.png,1036844829507460_122124927519072582,2026-05-30,,Unknown_from_ranking,Reacciones + comentarios + shares,10,7,2,1,2026-08-14_Reuse_Mayo_Ranking.csv,Top28 reuse candidate; best post ID from ranking.
Mayo_2026,Reuse_Top28,260515,260515 - Universe.png,1036844829507460_122118254373072582,2026-05-05,,Unknown_from_ranking,Reacciones + comentarios + shares,10,6,3,1,2026-08-14_Reuse_Mayo_Ranking.csv,Top28 reuse candidate; best post ID from ranking.
Mayo_2026,Reuse_Top28,260560,260560 - Fantasma.png,1036844829507460_122124445011072582,2026-05-14,,Unknown_from_ranking,Reacciones + comentarios + shares,10,6,0,4,2026-08-14_Reuse_Mayo_Ranking.csv,Top28 reuse candidate; best post ID from ranking.
Mayo_2026,Reuse_Top28,260659,260659 - Universe.png,1036844829507460_122125167639072582,2026-05-31,,Unknown_from_ranking,Reacciones + comentarios + shares,9,6,2,1,2026-08-14_Reuse_Mayo_Ranking.csv,Top28 reuse candidate; best post ID from ranking.
Mayo_2026,Reuse_Top28,260508,260508 - Universe.jpg,1036844829507460_122117393139072582,2026-05-01,,Unknown_from_ranking,Reacciones + comentarios + shares,9,7,2,0,2026-08-14_Reuse_Mayo_Ranking.csv,Top28 reuse candidate; best post ID from ranking.
Mayo_2026,Reuse_Top28,260635,260635 - Universe.png,1036844829507460_122124494049072582,2026-05-22,,Unknown_from_ranking,Reacciones + comentarios + shares,9,7,1,1,2026-08-14_Reuse_Mayo_Ranking.csv,Top28 reuse candidate; best post ID from ranking.
Mayo_2026,Reuse_Top28,260614,260614 - Universe.png,1036844829507460_122122824549072582,2026-05-23,,Unknown_from_ranking,Reacciones + comentarios + shares,8,6,0,2,2026-08-14_Reuse_Mayo_Ranking.csv,Top28 reuse candidate; best post ID from ranking.
Mayo_2026,Reuse_Top28,260589.png,260589.png,1036844829507460_122120887443072582,2026-05-18,,Unknown_from_ranking,Reacciones + comentarios + shares,8,4,4,0,2026-08-14_Reuse_Mayo_Ranking.csv,Top28 reuse candidate; best post ID from ranking.
Mayo_2026,Reuse_Top28,260510,260510 - Universe.png,1036844829507460_122117751393072582,2026-05-05,,Unknown_from_ranking,Reacciones + comentarios + shares,8,7,1,0,2026-08-14_Reuse_Mayo_Ranking.csv,Top28 reuse candidate; best post ID from ranking.
Mayo_2026,Reuse_Top28,Universe,Universe - Existencial 260508.png,1036844829507460_122117731467072582,2026-05-04,,Unknown_from_ranking,Reacciones + comentarios + shares,8,8,0,0,2026-08-14_Reuse_Mayo_Ranking.csv,Top28 reuse candidate; best post ID from ranking.
Mayo_2026,Reuse_Top28,260625.png,260625.png,1036844829507460_122122781583072582,2026-05-22,,Unknown_from_ranking,Reacciones + comentarios + shares,7,5,0,2,2026-08-14_Reuse_Mayo_Ranking.csv,Top28 reuse candidate; best post ID from ranking.
Mayo_2026,Reuse_Top28,260518,260518 - Kael.png,1036844829507460_122118353007072582,2026-05-06,,Unknown_from_ranking,Reacciones + comentarios + shares,7,6,1,0,2026-08-14_Reuse_Mayo_Ranking.csv,Top28 reuse candidate; best post ID from ranking.
Mayo_2026,Reuse_Top28,260607,260607 - Universe.png,1036844829507460_122122145103072582,2026-05-21,,Unknown_from_ranking,Reacciones + comentarios + shares,6,4,1,1,2026-08-14_Reuse_Mayo_Ranking.csv,Top28 reuse candidate; best post ID from ranking.
Mayo_2026,Reuse_Top28,Universe,Universe - Existencial 622.png,1036844829507460_122125185207072582,2026-05-31,,Unknown_from_ranking,Reacciones + comentarios + shares,6,5,1,0,2026-08-14_Reuse_Mayo_Ranking.csv,Top28 reuse candidate; best post ID from ranking.
Mayo_2026,Reuse_Top28,260613,260613 - Wilfred.png,1036844829507460_122122159311072582,2026-05-21,,Unknown_from_ranking,Reacciones + comentarios + shares,6,6,0,0,2026-08-14_Reuse_Mayo_Ranking.csv,Top28 reuse candidate; best post ID from ranking.
Mayo_2026,Reuse_Top28,260620,260620 - Fantasma.png,1036844829507460_122124367017072582,2026-05-27,,Unknown_from_ranking,Reacciones + comentarios + shares,5,3,0,2,2026-08-14_Reuse_Mayo_Ranking.csv,Top28 reuse candidate; best post ID from ranking.
Mayo_2026,Reuse_Top28,260540,260540 - Elara.png,1036844829507460_122122150101072582,2026-05-11,,Unknown_from_ranking,Reacciones + comentarios + shares,5,4,1,2,2026-08-14_Reuse_Mayo_Ranking.csv,Top28 reuse candidate; best post ID from ranking.
Mayo_2026,Reuse_Top28,260573,260573 - Universe.png,1036844829507460_122120563947072582,2026-05-15,,Unknown_from_ranking,Reacciones + comentarios + shares,5,3,0,2,2026-08-14_Reuse_Mayo_Ranking.csv,Top28 reuse candidate; best post ID from ranking.
Mayo_2026,Reuse_Top28,260542,260542 - Universe.png,1036844829507460_122119047297072582,2026-05-09,,Unknown_from_ranking,Reacciones + comentarios + shares,5,4,0,1,2026-08-14_Reuse_Mayo_Ranking.csv,Top28 reuse candidate; best post ID from ranking.
Mayo_2026,Reuse_Top28,260543,260543 - Evan.png,1036844829507460_122119060353072582,2026-05-10,,Unknown_from_ranking,Reacciones + comentarios + shares,5,5,0,0,2026-08-14_Reuse_Mayo_Ranking.csv,Top28 reuse candidate; best post ID from ranking.
Mayo_2026,Reuse_Top28,260527,260527 - Universe.png,1036844829507460_122118739911072582,2026-05-08,,Unknown_from_ranking,Reacciones + comentarios + shares,5,4,1,0,2026-08-14_Reuse_Mayo_Ranking.csv,Top28 reuse candidate; best post ID from ranking.
Mayo_2026,Reuse_Top28,741,741 - Elara+Maeve.png,1036844829507460_122117421531072582,2026-05-02,,Unknown_from_ranking,Reacciones + comentarios + shares,5,5,0,0,2026-08-14_Reuse_Mayo_Ranking.csv,Top28 reuse candidate; best post ID from ranking.
Mayo_2026,Reuse_Top28,260559,260559 - Universe.png,1036844829507460_122119761573072582,2026-05-12,,Unknown_from_ranking,Reacciones + comentarios + shares,5,2,0,3,2026-08-14_Reuse_Mayo_Ranking.csv,Top28 reuse candidate; best post ID from ranking.
Mayo_2026,Reuse_Top28,260650,260650 - Universe.png,1036844829507460_122124960891072582,2026-05-31,,Unknown_from_ranking,Reacciones + comentarios + shares,4,3,0,1,2026-08-14_Reuse_Mayo_Ranking.csv,Top28 reuse candidate; best post ID from ranking.
Mayo_2026,Reuse_Top28,260590,260590 - Maeve.png,1036844829507460_122120959611072582,2026-05-18,,Unknown_from_ranking,Reacciones + comentarios + shares,4,3,0,1,2026-08-14_Reuse_Mayo_Ranking.csv,Top28 reuse candidate; best post ID from ranking.
Junio_2026,June top post,2607792,2607792 - fantasma+Universe - El gato ;o (21-jun-26).jpeg,1036844829507460_122132599809072582,2026-06-21,2026-06-21T20:09:49-06:00,Unknown_from_dataset,Reacciones + comentarios + shares,1128,999,2,127,2026-08-14_Comparativo_Desempeno_Junio_Julio_Agosto_Datos.csv,"Exact visual match confirmed 2026-08-17: Facebook post image matches filename in 08 Agosto; CNT-069 assigned. Move manifest confirms MOVE_ONLY, no copy."
Junio_2026,June top post,2607794,2607794 - Universe - Aver.. A ver... (22-jun-26).png,1036844829507460_122132690157072582,2026-06-22,2026-06-22T10:02:23-06:00,Unknown_from_dataset,Reacciones + comentarios + shares,975,696,2,277,2026-08-14_Comparativo_Desempeno_Junio_Julio_Agosto_Datos.csv,"Exact visual match confirmed 2026-08-17: Facebook post image matches filename in 08 Agosto; CNT-070 assigned. Move manifest confirms MOVE_ONLY, no copy."
Junio_2026,June top post,260733,260733 - Evan - Yo aura fuerte (10-jun-26).png,1036844829507460_122128723341072582,2026-06-09,2026-06-09T20:44:56-06:00,Unknown_from_dataset,Reacciones + comentarios + shares,1127,896,20,211,2026-08-14_Comparativo_Desempeno_Junio_Julio_Agosto_Datos.csv,"Exact visual match confirmed 2026-08-17: Facebook post image matches filename in 08 Agosto; CNT-071 assigned. Move manifest confirms MOVE_ONLY, no copy."
Junio_2026,June top post,2607825,2607825 - Kael - Ser el malo de la historia (28-jun-26).png,1036844829507460_122134136793072582,2026-06-28,2026-06-28T10:42:29-06:00,Unknown_from_dataset,Reacciones + comentarios + shares,1308,912,4,392,2026-08-14_Comparativo_Desempeno_Junio_Julio_Agosto_Datos.csv,"Exact visual match confirmed 2026-08-17: Facebook post image matches filename in 08 Agosto; CNT-072 assigned. Move manifest confirms MOVE_ONLY, no copy."
Junio_2026,June top post,260735,260735 - Universe - dentro de ti hay dos payasos (10-jun-26).png,1036844829507460_122129013585072582,2026-06-10,2026-06-10T14:32:01-06:00,Unknown_from_dataset,Reacciones + comentarios + shares,785,509,13,263,2026-08-14_Comparativo_Desempeno_Junio_Julio_Agosto_Datos.csv,"Exact visual match confirmed 2026-08-17: Facebook post image matches filename in 08 Agosto; CNT-073 assigned. Move manifest confirms MOVE_ONLY, no copy."
Julio_2026,July top post,260604,Universe - Existencial 260604.png,1036844829507460_122140003413072582,2026-07-18,2026-07-18T22:00:10-06:00,Unknown_from_dataset,Reacciones + comentarios + shares,5482,3108,62,2312,2026-08-14_Comparativo_Desempeno_Junio_Julio_Agosto_Datos.csv,"Visual match exacto confirmado en Facebook: imagen con el texto ""¿Por qué estás tan callado? ¿Qué tienes en mente?"" y personaje dentro de una burbuja. CNT CNT-074 asignado con evidencia visual, filename y Drive ID."
Julio_2026,July top post,2607987,Universe - Existencial 2607987.jpeg,1036844829507460_122142779757072582,2026-07-28,2026-07-28T13:57:12-06:00,Unknown_from_dataset,Reacciones + comentarios + shares,3726,2367,18,1341,2026-08-14_Comparativo_Desempeno_Junio_Julio_Agosto_Datos.csv,"Visual match exacto confirmado en Facebook: Fantasma sentado en un bosque con el texto ""No es desinterés, ya se me olvidan las cosas bien feo."" CNT CNT-075 asignado con evidencia visual, filename y Drive ID."
Julio_2026,July top post,729,Universe - Existencial 729.png,1036844829507460_122142627051072582,2026-07-27,2026-07-27T20:00:00-06:00,Unknown_from_dataset,Reacciones + comentarios + shares,2979,2249,16,714,2026-08-14_Comparativo_Desempeno_Junio_Julio_Agosto_Datos.csv,"Visual match exacto confirmado en Facebook: dos parejas de esqueletos con el texto ""Ni ella le habló y él no la buscó..."" CNT CNT-076 asignado con evidencia visual, filename y Drive ID."
Julio_2026,July top post,260504,Universe - Existencial 260504.png,1036844829507460_122140844349072582,2026-07-21,2026-07-21T15:20:01-06:00,Unknown_from_dataset,Reacciones + comentarios + shares,3913,2290,102,1521,2026-08-14_Comparativo_Desempeno_Junio_Julio_Agosto_Datos.csv,"Visual match exacto confirmado en Facebook: collage con múltiples personajes/temas y el texto ""Los cambios de tema que tengo en una sola conversación:"" CNT CNT-077 asignado con evidencia visual, filename y Drive ID."
Julio_2026,July top post,728,Universe - Existencial 728.png,1036844829507460_122139999861072582,2026-07-18,2026-07-18T14:00:06-06:00,Unknown_from_dataset,Reacciones + comentarios + shares,3993,2536,8,1449,2026-08-14_Comparativo_Desempeno_Junio_Julio_Agosto_Datos.csv,"Visual match exacto confirmado en Facebook: gato gris con gafas en las nubes y el texto ""Adivina kien anda bien caliente"" / ""El planeta invesil, cuídalo"" CNT CNT-078 asignado con evidencia visual, filename y Drive ID."
Julio_2026,July top post,2607966,Universe - Existencial 2607966.jpeg,1036844829507460_122141207841072582,2026-07-22,2026-07-22T22:26:32-06:00,Unknown_from_dataset,Reacciones + comentarios + shares,2747,1722,10,1015,2026-08-14_Comparativo_Desempeno_Junio_Julio_Agosto_Datos.csv,"Visual match exacto confirmado en Facebook: gato con gafas y capa oscura junto a una vela, con el texto ""Quiero aclarar que lo que publico no me define como persona. En realidad estoy más loco."" CNT CNT-079 asignado con evidencia visual, filename y Drive ID."
Junio_2026,June Top post — visual asset reconciled,260724,Universe - Existencial 260724.png,1036844829507460_122127939543072582,2026-06-07,2026-06-07T18:43:18-06:00,Imagen estática,Reacciones + comentarios + shares,32,25,1,6,2026-08-14_Comparativo_Desempeno_Junio_Julio_Agosto_Datos.csv + visual match Top + Drive 06 Junio,Coincidencia visual exacta con la captura Top; enlazado a CNT-068. La captura muestra lifetime posterior y no se mezcla con el snapshot histórico.
Junio_2026,Published_Asset_VisualConfirmed,260696,Universe - Existencial 260696,1036844829507460_122125531995072582,2026-06-01,,Image,Reactions + comments + shares,8,7,1,0,2026-08-17_Assets_Junio_FB_IDs.xlsx + Meta photo object + visual match,Visual confirmed; CNT assignment pending; photo ID retained in mapping CSV.
Junio_2026,Published_Asset_VisualConfirmed,260647,Universe - Existencial 260647,1036844829507460_122125539447072582,2026-06-01,,Image,Reactions + comments + shares,7,6,1,0,2026-08-17_Assets_Junio_FB_IDs.xlsx + Meta photo object + visual match,Visual confirmed; CNT assignment pending; photo ID retained in mapping CSV.
Junio_2026,Published_Asset_VisualConfirmed,260678,Universe - Existencial 260678,1036844829507460_122125544763072582,2026-06-01,,Image,Reactions + comments + shares,14,10,2,2,2026-08-17_Assets_Junio_FB_IDs.xlsx + Meta photo object + visual match,Visual confirmed; CNT assignment pending; photo ID retained in mapping CSV.
Junio_2026,Published_Asset_VisualConfirmed,260698,Universe - Existencial 260698,1036844829507460_122125549929072582,2026-06-01,,Image,Reactions + comments + shares,5,4,1,0,2026-08-17_Assets_Junio_FB_IDs.xlsx + Meta photo object + visual match,Visual confirmed; CNT assignment pending; photo ID retained in mapping CSV.
Junio_2026,Published_Asset_VisualConfirmed,260710,Universe - Existencial 260710,1036844829507460_122125632579072582,2026-06-01,,Image,Reactions + comments + shares,2,1,1,0,2026-08-17_Assets_Junio_FB_IDs.xlsx + Meta photo object + visual match,Visual confirmed; CNT assignment pending; photo ID retained in mapping CSV.
Junio_2026,Published_Asset_VisualConfirmed,260677,Universe - Existencial 260677,1036844829507460_122125638237072582,2026-06-01,,Image,Reactions + comments + shares,2,0,0,2,2026-08-17_Assets_Junio_FB_IDs.xlsx + Meta photo object + visual match,Visual confirmed; CNT assignment pending; photo ID retained in mapping CSV.
Junio_2026,Published_Asset_VisualConfirmed,260697,Universe - Existencial 260697,1036844829507460_122125642935072582,2026-06-01,,Image,Reactions + comments + shares,7,6,1,0,2026-08-17_Assets_Junio_FB_IDs.xlsx + Meta photo object + visual match,Visual confirmed; CNT assignment pending; photo ID retained in mapping CSV.
Junio_2026,Published_Asset_VisualConfirmed,260688,Universe - Existencial 260688,1036844829507460_122125649037072582,2026-06-01,,Image,Reactions + comments + shares,2,2,0,0,2026-08-17_Assets_Junio_FB_IDs.xlsx + Meta photo object + visual match,Visual confirmed; CNT assignment pending; photo ID retained in mapping CSV.
Junio_2026,Published_Asset_VisualConfirmed,260690,Universe - Existencial 260690,1036844829507460_122125879395072582,2026-06-02,,Image,Reactions + comments + shares,7,5,1,1,2026-08-17_Assets_Junio_FB_IDs.xlsx + Meta photo object + visual match,Visual confirmed; CNT assignment pending; photo ID retained in mapping CSV.
Junio_2026,Published_Asset_VisualConfirmed,260662,Universe - Existencial 260662,1036844829507460_122125889343072582,2026-06-02,,Image,Reactions + comments + shares,7,6,1,0,2026-08-17_Assets_Junio_FB_IDs.xlsx + Meta photo object + visual match,Visual confirmed; CNT assignment pending; photo ID retained in mapping CSV.
Junio_2026,Published_Asset_VisualConfirmed,260703,Universe - Existencial 260703,1036844829507460_122125899687072582,2026-06-02,,Image,Reactions + comments + shares,0,0,0,0,2026-08-17_Assets_Junio_FB_IDs.xlsx + Meta photo object + visual match,Visual confirmed; CNT assignment pending; photo ID retained in mapping CSV.
Junio_2026,Published_Asset_VisualConfirmed,260679,Universe - Existencial 260679,1036844829507460_122125904103072582,2026-06-02,,Image,Reactions + comments + shares,6,5,1,0,2026-08-17_Assets_Junio_FB_IDs.xlsx + Meta photo object + visual match,Visual confirmed; CNT assignment pending; photo ID retained in mapping CSV.
Junio_2026,Published_Asset_VisualConfirmed,260691,Universe - Existencial 260691,1036844829507460_122125909929072582,2026-06-02,,Image,Reactions + comments + shares,4,3,1,0,2026-08-17_Assets_Junio_FB_IDs.xlsx + Meta photo object + visual match,Visual confirmed; CNT assignment pending; photo ID retained in mapping CSV.
Junio_2026,Published_Asset_VisualConfirmed,260694,Universe - Existencial 260694,1036844829507460_122125913145072582,2026-06-02,,Image,Reactions + comments + shares,2,1,0,1,2026-08-17_Assets_Junio_FB_IDs.xlsx + Meta photo object + visual match,Visual confirmed; CNT assignment pending; photo ID retained in mapping CSV.
Junio_2026,Published_Asset_VisualConfirmed,260689,Universe - Existencial 260689,1036844829507460_122125915659072582,2026-06-02,,Image,Reactions + comments + shares,2,2,0,0,2026-08-17_Assets_Junio_FB_IDs.xlsx + Meta photo object + visual match,Visual confirmed; CNT assignment pending; photo ID retained in mapping CSV.
Junio_2026,Published_Asset_VisualConfirmed,260655,Universe - Existencial 260655,1036844829507460_122126245077072582,2026-06-03,,Image,Reactions + comments + shares,1,1,0,0,2026-08-17_Assets_Junio_FB_IDs.xlsx + Meta photo object + visual match,Visual confirmed; CNT assignment pending; photo ID retained in mapping CSV.
Junio_2026,Published_Asset_VisualConfirmed,260692,Universe - Existencial 260692,1036844829507460_122126268399072582,2026-06-03,,Image,Reactions + comments + shares,4,3,1,0,2026-08-17_Assets_Junio_FB_IDs.xlsx + Meta photo object + visual match,Visual confirmed; CNT assignment pending; photo ID retained in mapping CSV.
Junio_2026,Published_Asset_VisualConfirmed,260685,Universe - Existencial 260685,1036844829507460_122126291157072582,2026-06-03,,Image,Reactions + comments + shares,5,2,1,2,2026-08-17_Assets_Junio_FB_IDs.xlsx + Meta photo object + visual match,Visual confirmed; CNT assignment pending; photo ID retained in mapping CSV.
Junio_2026,Published_Asset_VisualConfirmed,260666,Universe - Existencial 260666,1036844829507460_122126295999072582,2026-06-03,,Image,Reactions + comments + shares,0,0,0,0,2026-08-17_Assets_Junio_FB_IDs.xlsx + Meta photo object + visual match,Visual confirmed; CNT assignment pending; photo ID retained in mapping CSV.
Junio_2026,Published_Asset_VisualConfirmed,260682,Universe - Existencial 260682,1036844829507460_122126300817072582,2026-06-03,,Image,Reactions + comments + shares,4,3,1,0,2026-08-17_Assets_Junio_FB_IDs.xlsx + Meta photo object + visual match,Visual confirmed; CNT assignment pending; photo ID retained in mapping CSV.
Junio_2026,Published_Asset_VisualConfirmed,260656,Universe - Existencial 260656,1036844829507460_122126303037072582,2026-06-03,,Image,Reactions + comments + shares,1,1,0,0,2026-08-17_Assets_Junio_FB_IDs.xlsx + Meta photo object + visual match,Visual confirmed; CNT assignment pending; photo ID retained in mapping CSV.
Junio_2026,Published_Asset_VisualConfirmed,260693,Universe - Existencial 260693,1036844829507460_122126647605072582,2026-06-04,,Image,Reactions + comments + shares,8,7,1,0,2026-08-17_Assets_Junio_FB_IDs.xlsx + Meta photo object + visual match,Visual confirmed; CNT assignment pending; photo ID retained in mapping CSV.
Junio_2026,Published_Asset_VisualConfirmed,260686,Universe - Existencial 260686,1036844829507460_122126656881072582,2026-06-04,,Image,Reactions + comments + shares,7,6,1,0,2026-08-17_Assets_Junio_FB_IDs.xlsx + Meta photo object + visual match,Visual confirmed; CNT assignment pending; photo ID retained in mapping CSV.
Junio_2026,Published_Asset_VisualConfirmed,260687,Universe - Existencial 260687,1036844829507460_122126666445072582,2026-06-04,,Image,Reactions + comments + shares,2,2,0,0,2026-08-17_Assets_Junio_FB_IDs.xlsx + Meta photo object + visual match,Visual confirmed; CNT assignment pending; photo ID retained in mapping CSV.
Junio_2026,Published_Asset_VisualConfirmed,260699,Universe - Existencial 260699,1036844829507460_122126669349072582,2026-06-04,,Image,Reactions + comments + shares,8,7,1,0,2026-08-17_Assets_Junio_FB_IDs.xlsx + Meta photo object + visual match,Visual confirmed; CNT assignment pending; photo ID retained in mapping CSV.
Junio_2026,Published_Asset_VisualConfirmed,260680,Universe - Existencial 260680,1036844829507460_122126673171072582,2026-06-04,,Image,Reactions + comments + shares,10,6,1,3,2026-08-17_Assets_Junio_FB_IDs.xlsx + Meta photo object + visual match,Visual confirmed; CNT assignment pending; photo ID retained in mapping CSV.
Junio_2026,Published_Asset_VisualConfirmed,260683,Universe - Existencial 260683,1036844829507460_122126675589072582,2026-06-04,,Image,Reactions + comments + shares,9,6,1,2,2026-08-17_Assets_Junio_FB_IDs.xlsx + Meta photo object + visual match,Visual confirmed; CNT assignment pending; photo ID retained in mapping CSV.
Junio_2026,Published_Asset_VisualConfirmed,260684,Universe - Existencial 260684,1036844829507460_122127185487072582,2026-06-05,,Image,Reactions + comments + shares,14,10,2,2,2026-08-17_Assets_Junio_FB_IDs.xlsx + Meta photo object + visual match,Visual confirmed; CNT assignment pending; photo ID retained in mapping CSV.
Junio_2026,Published_Asset_VisualConfirmed,260707,Universe - Existencial 260707,1036844829507460_122127194757072582,2026-06-05,,Image,Reactions + comments + shares,2,2,0,0,2026-08-17_Assets_Junio_FB_IDs.xlsx + Meta photo object + visual match,Visual confirmed; CNT assignment pending; photo ID retained in mapping CSV.
Junio_2026,Published_Asset_VisualConfirmed,260699,Universe - Existencial 260699,1036844829507460_122127204141072582,2026-06-05,,Image,Reactions + comments + shares,0,0,0,0,2026-08-17_Assets_Junio_FB_IDs.xlsx + Meta photo object + visual match,Visual confirmed; CNT assignment pending; photo ID retained in mapping CSV.
Junio_2026,Published_Asset_VisualConfirmed,260706,Universe - Existencial 260706,1036844829507460_122127204261072582,2026-06-06,,Image,Reactions + comments + shares,0,0,0,0,2026-08-17_Assets_Junio_FB_IDs.xlsx + Meta photo object + visual match,Visual confirmed; CNT assignment pending; photo ID retained in mapping CSV.
Junio_2026,Published_Asset_VisualConfirmed,260709,Universe - Existencial 260709,1036844829507460_122127207513072582,2026-06-05,,Image,Reactions + comments + shares,2,2,0,0,2026-08-17_Assets_Junio_FB_IDs.xlsx + Meta photo object + visual match,Visual confirmed; CNT assignment pending; photo ID retained in mapping CSV.
Junio_2026,Published_Asset_VisualConfirmed,260681,Universe - Existencial 260681,1036844829507460_122127211857072582,2026-06-05,,Image,Reactions + comments + shares,5,4,1,0,2026-08-17_Assets_Junio_FB_IDs.xlsx + Meta photo object + visual match,Visual confirmed; CNT assignment pending; photo ID retained in mapping CSV.
Junio_2026,Published_Asset_VisualConfirmed,260705,Universe - Existencial 260705,1036844829507460_122127213801072582,2026-06-05,,Image,Reactions + comments + shares,8,6,2,0,2026-08-17_Assets_Junio_FB_IDs.xlsx + Meta photo object + visual match,Visual confirmed; CNT assignment pending; photo ID retained in mapping CSV.
Junio_2026,Published_Asset_VisualConfirmed,260714,Universe - Existencial 260714,1036844829507460_122127634803072582,2026-06-06,,Image,Reactions + comments + shares,17,10,1,6,2026-08-17_Assets_Junio_FB_IDs.xlsx + Meta photo object + visual match,Visual confirmed; CNT assignment pending; photo ID retained in mapping CSV.
Junio_2026,Published_Asset_VisualConfirmed,260704,Universe - Existencial 260704,1036844829507460_122127644163072582,2026-06-06,,Image,Reactions + comments + shares,0,0,0,0,2026-08-17_Assets_Junio_FB_IDs.xlsx + Meta photo object + visual match,Visual confirmed; CNT assignment pending; photo ID retained in mapping CSV.
Junio_2026,Published_Asset_VisualConfirmed,260711,Universe - Existencial 260711,1036844829507460_122127647307072582,2026-06-06,,Image,Reactions + comments + shares,2,2,0,0,2026-08-17_Assets_Junio_FB_IDs.xlsx + Meta photo object + visual match,Visual confirmed; CNT assignment pending; photo ID retained in mapping CSV.
Junio_2026,Published_Asset_VisualConfirmed,014,Universe sent me - 014,1036844829507460_122127652773072582,2026-06-06,,Image,Reactions + comments + shares,2,0,2,0,2026-08-17_Assets_Junio_FB_IDs.xlsx + Meta photo object + visual match,Visual confirmed; CNT assignment pending; photo ID retained in mapping CSV.
Junio_2026,Published_Asset_VisualConfirmed,260701,Universe - Existencial 260701,1036844829507460_122127659763072582,2026-06-06,,Image,Reactions + comments + shares,6,5,1,0,2026-08-17_Assets_Junio_FB_IDs.xlsx + Meta photo object + visual match,Visual confirmed; CNT assignment pending; photo ID retained in mapping CSV.
Junio_2026,Published_Asset_VisualConfirmed,260715,Universe - Existencial 260715,1036844829507460_122127661401072582,2026-06-06,,Image,Reactions + comments + shares,3,3,0,0,2026-08-17_Assets_Junio_FB_IDs.xlsx + Meta photo object + visual match,Visual confirmed; CNT assignment pending; photo ID retained in mapping CSV.
Junio_2026,Published_Asset_VisualConfirmed,260716,Universe - Existencial 260716,1036844829507460_122127666729072582,2026-06-06,,Image,Reactions + comments + shares,7,6,1,0,2026-08-17_Assets_Junio_FB_IDs.xlsx + Meta photo object + visual match,Visual confirmed; CNT assignment pending; photo ID retained in mapping CSV.
Junio_2026,Published_Asset_VisualConfirmed,260719,Universe - Existencial 260719,1036844829507460_122127903447072582,2026-06-07,,Image,Reactions + comments + shares,1,1,0,0,2026-08-17_Assets_Junio_FB_IDs.xlsx + Meta photo object + visual match,Visual confirmed; CNT assignment pending; photo ID retained in mapping CSV.
Junio_2026,Published_Asset_VisualConfirmed,260712,Universe - Existencial 260712,1036844829507460_122127909777072582,2026-06-07,,Image,Reactions + comments + shares,3,3,0,0,2026-08-17_Assets_Junio_FB_IDs.xlsx + Meta photo object + visual match,Visual confirmed; CNT assignment pending; photo ID retained in mapping CSV.
Junio_2026,Published_Asset_VisualConfirmed,260672,Universe - Existencial 260672,1036844829507460_122127915363072582,2026-06-07,,Image,Reactions + comments + shares,0,0,0,0,2026-08-17_Assets_Junio_FB_IDs.xlsx + Meta photo object + visual match,Visual confirmed; CNT assignment pending; photo ID retained in mapping CSV.
Junio_2026,Published_Asset_VisualConfirmed,260717,Universe - Existencial 260717,1036844829507460_122127921585072582,2026-06-07,,Image,Reactions + comments + shares,0,0,0,0,2026-08-17_Assets_Junio_FB_IDs.xlsx + Meta photo object + visual match,Visual confirmed; CNT assignment pending; photo ID retained in mapping CSV.
Junio_2026,Published_Asset_VisualConfirmed,260720,Universe - Existencial 260720,1036844829507460_122127929847072582,2026-06-07,,Image,Reactions + comments + shares,5,3,1,1,2026-08-17_Assets_Junio_FB_IDs.xlsx + Meta photo object + visual match,Visual confirmed; CNT assignment pending; photo ID retained in mapping CSV.
Junio_2026,Published_Asset_VisualConfirmed,260721,Universe - Existencial 260721,1036844829507460_122127933531072582,2026-06-07,,Image,Reactions + comments + shares,2,2,0,0,2026-08-17_Assets_Junio_FB_IDs.xlsx + Meta photo object + visual match,Visual confirmed; CNT assignment pending; photo ID retained in mapping CSV.
Junio_2026,Published_Asset_VisualConfirmed,260723,Universe - Existencial 260723,1036844829507460_122127936261072582,2026-06-07,,Image,Reactions + comments + shares,0,0,0,0,2026-08-17_Assets_Junio_FB_IDs.xlsx + Meta photo object + visual match,Visual confirmed; CNT assignment pending; photo ID retained in mapping CSV.
Junio_2026,Published_Asset_VisualConfirmed,260722,Universe - Existencial 260722,1036844829507460_122127942027072582,2026-06-07,,Image,Reactions + comments + shares,12,10,1,1,2026-08-17_Assets_Junio_FB_IDs.xlsx + Meta photo object + visual match,Visual confirmed; CNT assignment pending; photo ID retained in mapping CSV.
Junio_2026,Published_Asset_VisualConfirmed,260725,Universe - Existencial 260725,1036844829507460_122127947685072582,2026-06-07,,Image,Reactions + comments + shares,3,2,0,1,2026-08-17_Assets_Junio_FB_IDs.xlsx + Meta photo object + visual match,Visual confirmed; CNT assignment pending; photo ID retained in mapping CSV.
Junio_2026,Published_Asset_VisualConfirmed,260713,Universe - Existencial 260713,1036844829507460_122128156065072582,2026-06-08,,Image,Reactions + comments + shares,8,7,0,1,2026-08-17_Assets_Junio_FB_IDs.xlsx + Meta photo object + visual match,Visual confirmed; CNT assignment pending; photo ID retained in mapping CSV.
Junio_2026,Published_Asset_VisualConfirmed,260726,Universe - Existencial 260726,1036844829507460_122128166019072582,2026-06-08,,Image,Reactions + comments + shares,23,17,3,3,2026-08-17_Assets_Junio_FB_IDs.xlsx + Meta photo object + visual match,Visual confirmed; CNT assignment pending; photo ID retained in mapping CSV.
Junio_2026,Published_Asset_VisualConfirmed,260727,Universe - Existencial 260727,1036844829507460_122128190949072582,2026-06-08,,Image,Reactions + comments + shares,15,10,0,5,2026-08-17_Assets_Junio_FB_IDs.xlsx + Meta photo object + visual match,Visual confirmed; CNT assignment pending; photo ID retained in mapping CSV.
Junio_2026,Published_Asset_VisualConfirmed,260728,Universe - Existencial 260728,1036844829507460_122128196421072582,2026-06-08,,Image,Reactions + comments + shares,144,116,4,24,2026-08-17_Assets_Junio_FB_IDs.xlsx + Meta photo object + visual match,Visual confirmed; CNT assignment pending; photo ID retained in mapping CSV.
Junio_2026,Published_Asset_VisualConfirmed,260729,Universe - Existencial 260729,1036844829507460_122128200267072582,2026-06-08,,Image,Reactions + comments + shares,4,3,0,1,2026-08-17_Assets_Junio_FB_IDs.xlsx + Meta photo object + visual match,Visual confirmed; CNT assignment pending; photo ID retained in mapping CSV.
Junio_2026,Published_Asset_VisualConfirmed,260730,Universe - Existencial 260730,1036844829507460_122128511733072582,2026-06-09,,Image,Reactions + comments + shares,27,21,0,6,2026-08-17_Assets_Junio_FB_IDs.xlsx + Meta photo object + visual match,Visual confirmed; CNT assignment pending; photo ID retained in mapping CSV.
Junio_2026,Published_Asset_VisualConfirmed,260732,Universe - Existencial 260732,1036844829507460_122128714959072582,2026-06-09,,Image,Reactions + comments + shares,61,49,0,12,2026-08-17_Assets_Junio_FB_IDs.xlsx + Meta photo object + visual match,Visual confirmed; CNT assignment pending; photo ID retained in mapping CSV.
Junio_2026,Published_Asset_VisualConfirmed,260733 - Evan - Yo aura fuerte (10-jun-26),260733 - Evan - Yo aura fuerte (10-jun-26),1036844829507460_122128723341072582,2026-06-09,,Image,Reactions + comments + shares,1127,896,20,211,2026-08-17_Assets_Junio_FB_IDs.xlsx + Meta photo object + visual match,Visual confirmed; CNT assignment pending; photo ID retained in mapping CSV.
Junio_2026,Published_Asset_VisualConfirmed,260735 - Universe  - dentro de ti hay dos payasos (10-jun-26),260735 - Universe  - dentro de ti hay dos payasos (10-jun-26),1036844829507460_122129013585072582,2026-06-10,,Image,Reactions + comments + shares,785,509,13,263,2026-08-17_Assets_Junio_FB_IDs.xlsx + Meta photo object + visual match,Visual confirmed; CNT assignment pending; photo ID retained in mapping CSV.
Junio_2026,Published_Asset_VisualConfirmed,260738,Universe - Existencial 260738,1036844829507460_122129019423072582,2026-06-10,,Image,Reactions + comments + shares,31,26,1,4,2026-08-17_Assets_Junio_FB_IDs.xlsx + Meta photo object + visual match,Visual confirmed; CNT assignment pending; photo ID retained in mapping CSV.
Junio_2026,Published_Asset_VisualConfirmed,260737,Universe - Existencial 260737,1036844829507460_122129029371072582,2026-06-10,,Image,Reactions + comments + shares,11,9,1,1,2026-08-17_Assets_Junio_FB_IDs.xlsx + Meta photo object + visual match,Visual confirmed; CNT assignment pending; photo ID retained in mapping CSV.
Junio_2026,Published_Asset_VisualConfirmed,260739,Universe - Existencial 260739,1036844829507460_122129033775072582,2026-06-10,,Image,Reactions + comments + shares,12,9,2,1,2026-08-17_Assets_Junio_FB_IDs.xlsx + Meta photo object + visual match,Visual confirmed; CNT assignment pending; photo ID retained in mapping CSV.
Junio_2026,Published_Asset_VisualConfirmed,260741,Universe - Existencial 260741,1036844829507460_122129076597072582,2026-06-10,,Image,Reactions + comments + shares,15,6,1,8,2026-08-17_Assets_Junio_FB_IDs.xlsx + Meta photo object + visual match,Visual confirmed; CNT assignment pending; photo ID retained in mapping CSV.
Junio_2026,Published_Asset_VisualConfirmed,260742,Universe - Existencial 260742,1036844829507460_122129206443072582,2026-06-11,,Image,Reactions + comments + shares,11,9,1,1,2026-08-17_Assets_Junio_FB_IDs.xlsx + Meta photo object + visual match,Visual confirmed; CNT assignment pending; photo ID retained in mapping CSV.
Junio_2026,Published_Asset_VisualConfirmed,260740,Universe - Existencial 260740,1036844829507460_122129214813072582,2026-06-11,,Image,Reactions + comments + shares,924,696,14,214,2026-08-17_Assets_Junio_FB_IDs.xlsx + Meta photo object + visual match,Visual confirmed; CNT assignment pending; photo ID retained in mapping CSV.
Junio_2026,Published_Asset_VisualConfirmed,260745,Universe - Existencial 260745,1036844829507460_122129227947072582,2026-06-11,,Image,Reactions + comments + shares,6,5,1,0,2026-08-17_Assets_Junio_FB_IDs.xlsx + Meta photo object + visual match,Visual confirmed; CNT assignment pending; photo ID retained in mapping CSV.
Junio_2026,Published_Asset_VisualConfirmed,260747,Universe - Existencial 260747,1036844829507460_122129231601072582,2026-06-11,,Image,Reactions + comments + shares,547,327,8,212,2026-08-17_Assets_Junio_FB_IDs.xlsx + Meta photo object + visual match,Visual confirmed; CNT assignment pending; photo ID retained in mapping CSV.
Junio_2026,Published_Asset_VisualConfirmed,260749,Universe - Existencial 260749,1036844829507460_122130028899072582,2026-06-12,,Image,Reactions + comments + shares,33,18,1,14,2026-08-17_Assets_Junio_FB_IDs.xlsx + Meta photo object + visual match,Visual confirmed; CNT assignment pending; photo ID retained in mapping CSV.
Junio_2026,Published_Asset_VisualConfirmed,716,Universe - Existencial 716,1036844829507460_122130031401072582,2026-06-12,,Image,Reactions + comments + shares,47,39,2,6,2026-08-17_Assets_Junio_FB_IDs.xlsx + Meta photo object + visual match,Visual confirmed; CNT assignment pending; photo ID retained in mapping CSV.
Junio_2026,Published_Asset_VisualConfirmed,260750,Universe - Existencial 260750,1036844829507460_122130040593072582,2026-06-12,,Image,Reactions + comments + shares,6,4,1,1,2026-08-17_Assets_Junio_FB_IDs.xlsx + Meta photo object + visual match,Visual confirmed; CNT assignment pending; photo ID retained in mapping CSV.
Junio_2026,Published_Asset_VisualConfirmed,260748,Universe - Existencial 260748,1036844829507460_122130043761072582,2026-06-12,,Image,Reactions + comments + shares,41,38,1,2,2026-08-17_Assets_Junio_FB_IDs.xlsx + Meta photo object + visual match,Visual confirmed; CNT assignment pending; photo ID retained in mapping CSV.
Junio_2026,Published_Asset_VisualConfirmed,260751,Universe - Existencial 260751,1036844829507460_122130048999072582,2026-06-12,,Image,Reactions + comments + shares,7,6,1,0,2026-08-17_Assets_Junio_FB_IDs.xlsx + Meta photo object + visual match,Visual confirmed; CNT assignment pending; photo ID retained in mapping CSV.
Junio_2026,Published_Asset_VisualConfirmed,260752,Universe - Existencial 260752,1036844829507460_122130102567072582,2026-06-13,,Image,Reactions + comments + shares,3,3,0,0,2026-08-17_Assets_Junio_FB_IDs.xlsx + Meta photo object + visual match,Visual confirmed; CNT assignment pending; photo ID retained in mapping CSV.
Junio_2026,Published_Asset_VisualConfirmed,260754,Universe - Existencial 260754,1036844829507460_122130223203072582,2026-06-13,,Image,Reactions + comments + shares,16,14,0,2,2026-08-17_Assets_Junio_FB_IDs.xlsx + Meta photo object + visual match,Visual confirmed; CNT assignment pending; photo ID retained in mapping CSV.
Junio_2026,Published_Asset_VisualConfirmed,260646 - No sean asi.. (14-jun-26),260646 - No sean asi.. (14-jun-26),1036844829507460_122130287907072582,2026-06-14,,Image,Reactions + comments + shares,1181,985,8,188,2026-08-17_Assets_Junio_FB_IDs.xlsx + Meta photo object + visual match,Visual confirmed; CNT assignment pending; photo ID retained in mapping CSV.
Junio_2026,Published_Asset_VisualConfirmed,260755,Universe - Existencial 260755,1036844829507460_122130293907072582,2026-06-14,,Image,Reactions + comments + shares,8,7,1,0,2026-08-17_Assets_Junio_FB_IDs.xlsx + Meta photo object + visual match,Visual confirmed; CNT assignment pending; photo ID retained in mapping CSV.
Junio_2026,Published_Asset_VisualConfirmed,260758,Universe - Existencial 260758,1036844829507460_122130309363072582,2026-06-14,,Image,Reactions + comments + shares,3,3,0,0,2026-08-17_Assets_Junio_FB_IDs.xlsx + Meta photo object + visual match,Visual confirmed; CNT assignment pending; photo ID retained in mapping CSV.
Junio_2026,Published_Asset_VisualConfirmed,260759,Universe - Existencial 260759,1036844829507460_122130310797072582,2026-06-14,,Image,Reactions + comments + shares,10,7,2,1,2026-08-17_Assets_Junio_FB_IDs.xlsx + Meta photo object + visual match,Visual confirmed; CNT assignment pending; photo ID retained in mapping CSV.
Junio_2026,Published_Asset_VisualConfirmed,260760,Universe - Existencial 260760,1036844829507460_122130319641072582,2026-06-14,,Image,Reactions + comments + shares,9,8,1,0,2026-08-17_Assets_Junio_FB_IDs.xlsx + Meta photo object + visual match,Visual confirmed; CNT assignment pending; photo ID retained in mapping CSV.
Junio_2026,Published_Asset_VisualConfirmed,260761,Universe - Existencial 260761,1036844829507460_122130326151072582,2026-06-14,,Image,Reactions + comments + shares,15,11,0,4,2026-08-17_Assets_Junio_FB_IDs.xlsx + Meta photo object + visual match,Visual confirmed; CNT assignment pending; photo ID retained in mapping CSV.
Junio_2026,Published_Asset_VisualConfirmed,260762,Universe - Existencial 260762,1036844829507460_122130330195072582,2026-06-14,,Image,Reactions + comments + shares,9,4,1,4,2026-08-17_Assets_Junio_FB_IDs.xlsx + Meta photo object + visual match,Visual confirmed; CNT assignment pending; photo ID retained in mapping CSV.
Junio_2026,Published_Asset_VisualConfirmed,260763,Universe - Existencial 260763,1036844829507460_122130334833072582,2026-06-15,,Image,Reactions + comments + shares,11,4,2,5,2026-08-17_Assets_Junio_FB_IDs.xlsx + Meta photo object + visual match,Visual confirmed; CNT assignment pending; photo ID retained in mapping CSV.
Junio_2026,Published_Asset_VisualConfirmed,260764,Universe - Existencial 260764,1036844829507460_122130392853072582,2026-06-15,,Image,Reactions + comments + shares,6,5,1,0,2026-08-17_Assets_Junio_FB_IDs.xlsx + Meta photo object + visual match,Visual confirmed; CNT assignment pending; photo ID retained in mapping CSV.
Junio_2026,Published_Asset_VisualConfirmed,260766,Universe - Existencial 260766,1036844829507460_122130406569072582,2026-06-15,,Image,Reactions + comments + shares,362,257,11,94,2026-08-17_Assets_Junio_FB_IDs.xlsx + Meta photo object + visual match,Visual confirmed; CNT assignment pending; photo ID retained in mapping CSV.
Junio_2026,Published_Asset_VisualConfirmed,260765,Universe - Existencial 260765,1036844829507460_122130411897072582,2026-06-15,,Image,Reactions + comments + shares,340,294,14,32,2026-08-17_Assets_Junio_FB_IDs.xlsx + Meta photo object + visual match,Visual confirmed; CNT assignment pending; photo ID retained in mapping CSV.
Junio_2026,Published_Asset_VisualConfirmed,260767,Universe - Existencial 260767,1036844829507460_122130425607072582,2026-06-15,,Image,Reactions + comments + shares,61,49,1,11,2026-08-17_Assets_Junio_FB_IDs.xlsx + Meta photo object + visual match,Visual confirmed; CNT assignment pending; photo ID retained in mapping CSV.
Junio_2026,Published_Asset_VisualConfirmed,260756,Universe - Existencial 260756,1036844829507460_122130892707072582,2026-06-16,,Image,Reactions + comments + shares,16,14,1,1,2026-08-17_Assets_Junio_FB_IDs.xlsx + Meta photo object + visual match,Visual confirmed; CNT assignment pending; photo ID retained in mapping CSV.
Junio_2026,Published_Asset_VisualConfirmed,260768,Universe - Existencial 260768,1036844829507460_122130900021072582,2026-06-16,,Image,Reactions + comments + shares,16,11,2,3,2026-08-17_Assets_Junio_FB_IDs.xlsx + Meta photo object + visual match,Visual confirmed; CNT assignment pending; photo ID retained in mapping CSV.
Junio_2026,Published_Asset_VisualConfirmed,260769,Universe - Existencial 260769,1036844829507460_122131069383072582,2026-06-16,,Image,Reactions + comments + shares,29,24,1,4,2026-08-17_Assets_Junio_FB_IDs.xlsx + Meta photo object + visual match,Visual confirmed; CNT assignment pending; photo ID retained in mapping CSV.
Junio_2026,Published_Asset_VisualConfirmed,260770,Universe - Existencial 260770,1036844829507460_122131082895072582,2026-06-16,,Image,Reactions + comments + shares,29,25,1,3,2026-08-17_Assets_Junio_FB_IDs.xlsx + Meta photo object + visual match,Visual confirmed; CNT assignment pending; photo ID retained in mapping CSV.
Junio_2026,Published_Asset_VisualConfirmed,260771,Universe - Existencial 260771,1036844829507460_122131087671072582,2026-06-16,,Image,Reactions + comments + shares,32,20,2,10,2026-08-17_Assets_Junio_FB_IDs.xlsx + Meta photo object + visual match,Visual confirmed; CNT assignment pending; photo ID retained in mapping CSV.
Junio_2026,Published_Asset_VisualConfirmed,260772,Universe - Existencial 260772,1036844829507460_122131154349072582,2026-06-17,,Image,Reactions + comments + shares,10,8,1,1,2026-08-17_Assets_Junio_FB_IDs.xlsx + Meta photo object + visual match,Visual confirmed; CNT assignment pending; photo ID retained in mapping CSV.
Junio_2026,Published_Asset_VisualConfirmed,260773,Universe - Existencial 260773,1036844829507460_122131181673072582,2026-06-17,,Image,Reactions + comments + shares,10,8,1,1,2026-08-17_Assets_Junio_FB_IDs.xlsx + Meta photo object + visual match,Visual confirmed; CNT assignment pending; photo ID retained in mapping CSV.
Junio_2026,Published_Asset_VisualConfirmed,260774,Universe - Existencial 260774,1036844829507460_122131277229072582,2026-06-17,,Image,Reactions + comments + shares,23,18,1,4,2026-08-17_Assets_Junio_FB_IDs.xlsx + Meta photo object + visual match,Visual confirmed; CNT assignment pending; photo ID retained in mapping CSV.
Junio_2026,Published_Asset_VisualConfirmed,260775,Universe - Existencial 260775,1036844829507460_122131482621072582,2026-06-17,,Image,Reactions + comments + shares,497,435,9,53,2026-08-17_Assets_Junio_FB_IDs.xlsx + Meta photo object + visual match,Visual confirmed; CNT assignment pending; photo ID retained in mapping CSV.
Junio_2026,Published_Asset_VisualConfirmed,260776,Universe - Existencial 260776,1036844829507460_122131778085072582,2026-06-18,,Image,Reactions + comments + shares,12,8,2,2,2026-08-17_Assets_Junio_FB_IDs.xlsx + Meta photo object + visual match,Visual confirmed; CNT assignment pending; photo ID retained in mapping CSV.
Junio_2026,Published_Asset_VisualConfirmed,260777,Universe - Existencial 260777,1036844829507460_122131787067072582,2026-06-18,,Image,Reactions + comments + shares,47,41,2,4,2026-08-17_Assets_Junio_FB_IDs.xlsx + Meta photo object + visual match,Visual confirmed; CNT assignment pending; photo ID retained in mapping CSV.
Junio_2026,Published_Asset_VisualConfirmed,260778,Universe - Existencial 260778,1036844829507460_122131798671072582,2026-06-18,,Image,Reactions + comments + shares,16,14,1,1,2026-08-17_Assets_Junio_FB_IDs.xlsx + Meta photo object + visual match,Visual confirmed; CNT assignment pending; photo ID retained in mapping CSV.
Junio_2026,Published_Asset_VisualConfirmed,260779,Universe - Existencial 260779,1036844829507460_122131809333072582,2026-06-18,,Image,Reactions + comments + shares,14,10,1,3,2026-08-17_Assets_Junio_FB_IDs.xlsx + Meta photo object + visual match,Visual confirmed; CNT assignment pending; photo ID retained in mapping CSV.
Junio_2026,Published_Asset_VisualConfirmed,2607780,Universe - Existencial 2607780,1036844829507460_122131862643072582,2026-06-19,,Image,Reactions + comments + shares,55,33,1,21,2026-08-17_Assets_Junio_FB_IDs.xlsx + Meta photo object + visual match,Visual confirmed; CNT assignment pending; photo ID retained in mapping CSV.
Junio_2026,Published_Asset_VisualConfirmed,2607781,Universe - Existencial 2607781,1036844829507460_122131879707072582,2026-06-19,,Image,Reactions + comments + shares,10,7,0,3,2026-08-17_Assets_Junio_FB_IDs.xlsx + Meta photo object + visual match,Visual confirmed; CNT assignment pending; photo ID retained in mapping CSV.
Junio_2026,Published_Asset_VisualConfirmed,2607782,Universe - Existencial 2607782,1036844829507460_122131883439072582,2026-06-19,,Image,Reactions + comments + shares,15,12,2,1,2026-08-17_Assets_Junio_FB_IDs.xlsx + Meta photo object + visual match,Visual confirmed; CNT assignment pending; photo ID retained in mapping CSV.
Junio_2026,Published_Asset_VisualConfirmed,2607784,Universe - Existencial 2607784,1036844829507460_122131974717072582,2026-06-19,,Image,Reactions + comments + shares,71,58,2,11,2026-08-17_Assets_Junio_FB_IDs.xlsx + Meta photo object + visual match,Visual confirmed; CNT assignment pending; photo ID retained in mapping CSV.
Junio_2026,Published_Asset_VisualConfirmed,2607785,Universe - Existencial 2607785,1036844829507460_122131995297072582,2026-06-19,,Image,Reactions + comments + shares,30,25,1,4,2026-08-17_Assets_Junio_FB_IDs.xlsx + Meta photo object + visual match,Visual confirmed; CNT assignment pending; photo ID retained in mapping CSV.
Junio_2026,Published_Asset_VisualConfirmed,2607783,Universe - Existencial 2607783,1036844829507460_122132344029072582,2026-06-20,,Image,Reactions + comments + shares,460,364,11,85,2026-08-17_Assets_Junio_FB_IDs.xlsx + Meta photo object + visual match,Visual confirmed; CNT assignment pending; photo ID retained in mapping CSV.
Junio_2026,Published_Asset_VisualConfirmed,2607786,Universe - Existencial 2607786,1036844829507460_122132350563072582,2026-06-20,,Image,Reactions + comments + shares,351,239,3,109,2026-08-17_Assets_Junio_FB_IDs.xlsx + Meta photo object + visual match,Visual confirmed; CNT assignment pending; photo ID retained in mapping CSV.
Junio_2026,Published_Asset_VisualConfirmed,2607787,Universe - Existencial 2607787,1036844829507460_122132365443072582,2026-06-20,,Image,Reactions + comments + shares,394,321,3,70,2026-08-17_Assets_Junio_FB_IDs.xlsx + Meta photo object + visual match,Visual confirmed; CNT assignment pending; photo ID retained in mapping CSV.
Junio_2026,Published_Asset_VisualConfirmed,2607788,Universe - Existencial 2607788,1036844829507460_122132371125072582,2026-06-20,,Image,Reactions + comments + shares,24,17,3,4,2026-08-17_Assets_Junio_FB_IDs.xlsx + Meta photo object + visual match,Visual confirmed; CNT assignment pending; photo ID retained in mapping CSV.
Junio_2026,Published_Asset_VisualConfirmed,2607789,Universe - Existencial 2607789,1036844829507460_122132375181072582,2026-06-20,,Image,Reactions + comments + shares,36,26,2,8,2026-08-17_Assets_Junio_FB_IDs.xlsx + Meta photo object + visual match,Visual confirmed; CNT assignment pending; photo ID retained in mapping CSV.
Junio_2026,Published_Asset_VisualConfirmed,2607790,Universe - Existencial 2607790,1036844829507460_122132379549072582,2026-06-20,,Image,Reactions + comments + shares,17,13,1,3,2026-08-17_Assets_Junio_FB_IDs.xlsx + Meta photo object + visual match,Visual confirmed; CNT assignment pending; photo ID retained in mapping CSV.
Junio_2026,Published_Asset_VisualConfirmed,2607792 - fantasma+Universe - El gato ;o (21-jun-26),2607792 - fantasma+Universe - El gato ;o (21-jun-26),1036844829507460_122132599809072582,2026-06-21,,Image,Reactions + comments + shares,1128,999,2,127,2026-08-17_Assets_Junio_FB_IDs.xlsx + Meta photo object + visual match,Visual confirmed; CNT assignment pending; photo ID retained in mapping CSV.
Junio_2026,Published_Asset_VisualConfirmed,2607793,Universe - Existencial 2607793,1036844829507460_122132603703072582,2026-06-21,,Image,Reactions + comments + shares,34,28,1,5,2026-08-17_Assets_Junio_FB_IDs.xlsx + Meta photo object + visual match,Visual confirmed; CNT assignment pending; photo ID retained in mapping CSV.
Junio_2026,Published_Asset_VisualConfirmed,2607794 - Universe - Aver.. A ver... (22-jun-26),2607794 - Universe - Aver.. A ver... (22-jun-26),1036844829507460_122132690157072582,2026-06-22,,Image,Reactions + comments + shares,975,696,2,277,2026-08-17_Assets_Junio_FB_IDs.xlsx + Meta photo object + visual match,Visual confirmed; CNT assignment pending; photo ID retained in mapping CSV.
Junio_2026,Published_Asset_VisualConfirmed,2607795,Universe - Existencial 2607795,1036844829507460_122132695779072582,2026-06-22,,Image,Reactions + comments + shares,9,6,3,0,2026-08-17_Assets_Junio_FB_IDs.xlsx + Meta photo object + visual match,Visual confirmed; CNT assignment pending; photo ID retained in mapping CSV.
Junio_2026,Published_Asset_VisualConfirmed,2607797,Universe - Existencial 2607797,1036844829507460_122132711259072582,2026-06-22,,Image,Reactions + comments + shares,20,16,1,3,2026-08-17_Assets_Junio_FB_IDs.xlsx + Meta photo object + visual match,Visual confirmed; CNT assignment pending; photo ID retained in mapping CSV.
Junio_2026,Published_Asset_VisualConfirmed,717,Universe - Existencial 717,1036844829507460_122132714559072582,2026-06-22,,Image,Reactions + comments + shares,16,14,2,0,2026-08-17_Assets_Junio_FB_IDs.xlsx + Meta photo object + visual match,Visual confirmed; CNT assignment pending; photo ID retained in mapping CSV.
Junio_2026,Published_Asset_VisualConfirmed,607,Universe - Existencial 607,1036844829507460_122132763591072582,2026-06-22,,Image,Reactions + comments + shares,18,14,4,0,2026-08-17_Assets_Junio_FB_IDs.xlsx + Meta photo object + visual match,Visual confirmed; CNT assignment pending; photo ID retained in mapping CSV.
Junio_2026,Published_Asset_VisualConfirmed,2607799,Universe - Existencial 2607799,1036844829507460_122132767677072582,2026-06-22,,Image,Reactions + comments + shares,27,18,4,5,2026-08-17_Assets_Junio_FB_IDs.xlsx + Meta photo object + visual match,Visual confirmed; CNT assignment pending; photo ID retained in mapping CSV.
Junio_2026,Published_Asset_VisualConfirmed,2607800,Universe - Existencial 2607800,1036844829507460_122132818167072582,2026-06-23,,Image,Reactions + comments + shares,38,28,3,7,2026-08-17_Assets_Junio_FB_IDs.xlsx + Meta photo object + visual match,Visual confirmed; CNT assignment pending; photo ID retained in mapping CSV.
Junio_2026,Published_Asset_VisualConfirmed,2607801,Universe - Existencial 2607801,1036844829507460_122132885193072582,2026-06-23,,Image,Reactions + comments + shares,4,1,0,3,2026-08-17_Assets_Junio_FB_IDs.xlsx + Meta photo object + visual match,Visual confirmed; CNT assignment pending; photo ID retained in mapping CSV.
Junio_2026,Published_Asset_VisualConfirmed,2607802,Universe - Existencial 2607802,1036844829507460_122133025227072582,2026-06-23,,Image,Reactions + comments + shares,28,22,1,5,2026-08-17_Assets_Junio_FB_IDs.xlsx + Meta photo object + visual match,Visual confirmed; CNT assignment pending; photo ID retained in mapping CSV.
Junio_2026,Published_Asset_VisualConfirmed,2607803,Universe - Existencial 2607803,1036844829507460_122133035331072582,2026-06-23,,Image,Reactions + comments + shares,7,6,1,0,2026-08-17_Assets_Junio_FB_IDs.xlsx + Meta photo object + visual match,Visual confirmed; CNT assignment pending; photo ID retained in mapping CSV.
Junio_2026,Published_Asset_VisualConfirmed,2607804,Universe - Existencial 2607804,1036844829507460_122133408501072582,2026-06-24,,Image,Reactions + comments + shares,22,16,2,4,2026-08-17_Assets_Junio_FB_IDs.xlsx + Meta photo object + visual match,Visual confirmed; CNT assignment pending; photo ID retained in mapping CSV.
Junio_2026,Published_Asset_VisualConfirmed,2607807,Universe - Existencial 2607807,1036844829507460_122133430461072582,2026-06-24,,Image,Reactions + comments + shares,5,5,0,0,2026-08-17_Assets_Junio_FB_IDs.xlsx + Meta photo object + visual match,Visual confirmed; CNT assignment pending; photo ID retained in mapping CSV.
Junio_2026,Published_Asset_VisualConfirmed,2607808,Universe - Existencial 2607808,1036844829507460_122133439875072582,2026-06-24,,Image,Reactions + comments + shares,37,26,5,6,2026-08-17_Assets_Junio_FB_IDs.xlsx + Meta photo object + visual match,Visual confirmed; CNT assignment pending; photo ID retained in mapping CSV.
Junio_2026,Published_Asset_VisualConfirmed,2607810,Universe - Existencial 2607810,1036844829507460_122133493005072582,2026-06-25,,Image,Reactions + comments + shares,6,5,1,0,2026-08-17_Assets_Junio_FB_IDs.xlsx + Meta photo object + visual match,Visual confirmed; CNT assignment pending; photo ID retained in mapping CSV.
Junio_2026,Published_Asset_VisualConfirmed,2607811,Universe - Existencial 2607811,1036844829507460_122133507537072582,2026-06-25,,Image,Reactions + comments + shares,55,43,2,10,2026-08-17_Assets_Junio_FB_IDs.xlsx + Meta photo object + visual match,Visual confirmed; CNT assignment pending; photo ID retained in mapping CSV.
Junio_2026,Published_Asset_VisualConfirmed,2607813,Universe - Existencial 2607813,1036844829507460_122133553881072582,2026-06-26,,Image,Reactions + comments + shares,68,48,3,17,2026-08-17_Assets_Junio_FB_IDs.xlsx + Meta photo object + visual match,Visual confirmed; CNT assignment pending; photo ID retained in mapping CSV.
Junio_2026,Published_Asset_VisualConfirmed,2607814,Universe - Existencial 2607814,1036844829507460_122133562395072582,2026-06-26,,Image,Reactions + comments + shares,7,4,0,3,2026-08-17_Assets_Junio_FB_IDs.xlsx + Meta photo object + visual match,Visual confirmed; CNT assignment pending; photo ID retained in mapping CSV.
Junio_2026,Published_Asset_VisualConfirmed,2607815,Universe - Existencial 2607815,1036844829507460_122133567291072582,2026-06-26,,Image,Reactions + comments + shares,7,6,1,0,2026-08-17_Assets_Junio_FB_IDs.xlsx + Meta photo object + visual match,Visual confirmed; CNT assignment pending; photo ID retained in mapping CSV.
Junio_2026,Published_Asset_VisualConfirmed,2607816,Universe - Existencial 2607816,1036844829507460_122133575895072582,2026-06-26,,Image,Reactions + comments + shares,393,301,5,87,2026-08-17_Assets_Junio_FB_IDs.xlsx + Meta photo object + visual match,Visual confirmed; CNT assignment pending; photo ID retained in mapping CSV.
Junio_2026,Published_Asset_VisualConfirmed,2607817,Universe - Existencial 2607817,1036844829507460_122133950907072582,2026-06-26,,Image,Reactions + comments + shares,14,8,0,6,2026-08-17_Assets_Junio_FB_IDs.xlsx + Meta photo object + visual match,Visual confirmed; CNT assignment pending; photo ID retained in mapping CSV.
Junio_2026,Published_Asset_VisualConfirmed,2607818,Universe - Existencial 2607818,1036844829507460_122133977385072582,2026-06-26,,Image,Reactions + comments + shares,8,6,1,1,2026-08-17_Assets_Junio_FB_IDs.xlsx + Meta photo object + visual match,Visual confirmed; CNT assignment pending; photo ID retained in mapping CSV.
Junio_2026,Published_Asset_VisualConfirmed,2607819,Universe - Existencial 2607819,1036844829507460_122134032159072582,2026-06-27,,Image,Reactions + comments + shares,16,12,1,3,2026-08-17_Assets_Junio_FB_IDs.xlsx + Meta photo object + visual match,Visual confirmed; CNT assignment pending; photo ID retained in mapping CSV.
Junio_2026,Published_Asset_VisualConfirmed,2607820,Universe - Existencial 2607820,1036844829507460_122134037079072582,2026-06-27,,Image,Reactions + comments + shares,11,7,0,4,2026-08-17_Assets_Junio_FB_IDs.xlsx + Meta photo object + visual match,Visual confirmed; CNT assignment pending; photo ID retained in mapping CSV.
Junio_2026,Published_Asset_VisualConfirmed,2607822,Universe - Existencial 2607822,1036844829507460_122134045179072582,2026-06-27,,Image,Reactions + comments + shares,45,35,1,9,2026-08-17_Assets_Junio_FB_IDs.xlsx + Meta photo object + visual match,Visual confirmed; CNT assignment pending; photo ID retained in mapping CSV.
Junio_2026,Published_Asset_VisualConfirmed,2607823,Universe - Existencial 2607823,1036844829507460_122134061121072582,2026-06-27,,Image,Reactions + comments + shares,393,267,27,99,2026-08-17_Assets_Junio_FB_IDs.xlsx + Meta photo object + visual match,Visual confirmed; CNT assignment pending; photo ID retained in mapping CSV.
Junio_2026,Published_Asset_VisualConfirmed,2607824,Universe - Existencial 2607824,1036844829507460_122134070943072582,2026-06-27,,Image,Reactions + comments + shares,547,348,0,199,2026-08-17_Assets_Junio_FB_IDs.xlsx + Meta photo object + visual match,Visual confirmed; CNT assignment pending; photo ID retained in mapping CSV.
Junio_2026,Published_Asset_VisualConfirmed,2607825 - Kael - Ser el malo de la historia  (28-jun-26),2607825 - Kael - Ser el malo de la historia  (28-jun-26),1036844829507460_122134136793072582,2026-06-28,,Image,Reactions + comments + shares,1308,912,4,392,2026-08-17_Assets_Junio_FB_IDs.xlsx + Meta photo object + visual match,Visual confirmed; CNT assignment pending; photo ID retained in mapping CSV.
Junio_2026,Published_Asset_VisualConfirmed,2607826,Universe - Existencial 2607826,1036844829507460_122134144809072582,2026-06-28,,Image,Reactions + comments + shares,47,31,3,13,2026-08-17_Assets_Junio_FB_IDs.xlsx + Meta photo object + visual match,Visual confirmed; CNT assignment pending; photo ID retained in mapping CSV.
Junio_2026,Published_Asset_VisualConfirmed,2607827,Universe - Existencial 2607827,1036844829507460_122134157199072582,2026-06-28,,Image,Reactions + comments + shares,40,32,1,7,2026-08-17_Assets_Junio_FB_IDs.xlsx + Meta photo object + visual match,Visual confirmed; CNT assignment pending; photo ID retained in mapping CSV.
Junio_2026,Published_Asset_VisualConfirmed,2607828,Universe - Existencial 2607828,1036844829507460_122134161303072582,2026-06-28,,Image,Reactions + comments + shares,521,333,3,185,2026-08-17_Assets_Junio_FB_IDs.xlsx + Meta photo object + visual match,Visual confirmed; CNT assignment pending; photo ID retained in mapping CSV.
Junio_2026,Published_Asset_VisualConfirmed,2607829,Universe - Existencial 2607829,1036844829507460_122134162881072582,2026-06-28,,Image,Reactions + comments + shares,1,1,0,0,2026-08-17_Assets_Junio_FB_IDs.xlsx + Meta photo object + visual match,Visual confirmed; CNT assignment pending; photo ID retained in mapping CSV.
Junio_2026,Published_Asset_VisualConfirmed,2607833,Universe - Existencial 2607833,1036844829507460_122134169481072582,2026-06-28,,Image,Reactions + comments + shares,13,11,1,1,2026-08-17_Assets_Junio_FB_IDs.xlsx + Meta photo object + visual match,Visual confirmed; CNT assignment pending; photo ID retained in mapping CSV.
Junio_2026,Published_Asset_VisualConfirmed,2607832,Universe - Existencial 2607832,1036844829507460_122134290783072582,2026-06-28,,Image,Reactions + comments + shares,28,21,1,6,2026-08-17_Assets_Junio_FB_IDs.xlsx + Meta photo object + visual match,Visual confirmed; CNT assignment pending; photo ID retained in mapping CSV.
Junio_2026,Published_Asset_VisualConfirmed,2607835,Universe - Existencial 2607835,1036844829507460_122134344879072582,2026-06-29,,Image,Reactions + comments + shares,8,7,0,1,2026-08-17_Assets_Junio_FB_IDs.xlsx + Meta photo object + visual match,Visual confirmed; CNT assignment pending; photo ID retained in mapping CSV.
Junio_2026,Published_Asset_VisualConfirmed,2607834,Universe - Existencial 2607834,1036844829507460_122134350741072582,2026-06-29,,Image,Reactions + comments + shares,16,14,1,1,2026-08-17_Assets_Junio_FB_IDs.xlsx + Meta photo object + visual match,Visual confirmed; CNT assignment pending; photo ID retained in mapping CSV.
Junio_2026,Published_Asset_VisualConfirmed,2607836,Universe - Existencial 2607836,1036844829507460_122134356465072582,2026-06-29,,Image,Reactions + comments + shares,9,8,0,1,2026-08-17_Assets_Junio_FB_IDs.xlsx + Meta photo object + visual match,Visual confirmed; CNT assignment pending; photo ID retained in mapping CSV.
Junio_2026,Published_Asset_VisualConfirmed,2607831,Universe - Existencial 2607831,1036844829507460_122134366263072582,2026-06-29,,Image,Reactions + comments + shares,30,27,1,2,2026-08-17_Assets_Junio_FB_IDs.xlsx + Meta photo object + visual match,Visual confirmed; CNT assignment pending; photo ID retained in mapping CSV.
Junio_2026,Published_Asset_VisualConfirmed,2607838 - Dios - Quien me creo a mi (29-jun-26),2607838 - Dios - Quien me creo a mi (29-jun-26),1036844829507460_122134379049072582,2026-06-29,,Image,Reactions + comments + shares,365,273,17,75,2026-08-17_Assets_Junio_FB_IDs.xlsx + Meta photo object + visual match,Visual confirmed; CNT assignment pending; photo ID retained in mapping CSV.
Junio_2026,Published_Asset_VisualConfirmed,2607839,Universe - Existencial 2607839,1036844829507460_122134508205072582,2026-06-29,,Image,Reactions + comments + shares,12,9,2,1,2026-08-17_Assets_Junio_FB_IDs.xlsx + Meta photo object + visual match,Visual confirmed; CNT assignment pending; photo ID retained in mapping CSV.
Junio_2026,Published_Asset_VisualConfirmed,2607841,Universe - Existencial 2607841,1036844829507460_122134598745072582,2026-06-30,,Image,Reactions + comments + shares,16,10,3,3,2026-08-17_Assets_Junio_FB_IDs.xlsx + Meta photo object + visual match,Visual confirmed; CNT assignment pending; photo ID retained in mapping CSV.
Junio_2026,Published_Asset_VisualConfirmed,2607842,Universe - Existencial 2607842,1036844829507460_122134604217072582,2026-06-30,,Image,Reactions + comments + shares,21,14,3,4,2026-08-17_Assets_Junio_FB_IDs.xlsx + Meta photo object + visual match,Visual confirmed; CNT assignment pending; photo ID retained in mapping CSV.
Junio_2026,Published_Asset_VisualConfirmed,260552,Universe - Existencial 260552,1036844829507460_122134620417072582,2026-06-30,,Image,Reactions + comments + shares,366,284,5,77,2026-08-17_Assets_Junio_FB_IDs.xlsx + Meta photo object + visual match,Visual confirmed; CNT assignment pending; photo ID retained in mapping CSV.
Junio_2026,Published_Asset_VisualConfirmed,2607840,Universe - Existencial 2607840,1036844829507460_122134625811072582,2026-06-30,,Image,Reactions + comments + shares,53,48,1,4,2026-08-17_Assets_Junio_FB_IDs.xlsx + Meta photo object + visual match,Visual confirmed; CNT assignment pending; photo ID retained in mapping CSV.
Junio_2026,Published_Asset_VisualConfirmed,2607844,Universe - Existencial 2607844,1036844829507460_122134641021072582,2026-06-30,,Image,Reactions + comments + shares,38,31,1,6,2026-08-17_Assets_Junio_FB_IDs.xlsx + Meta photo object + visual match,Visual confirmed; CNT assignment pending; photo ID retained in mapping CSV.
Junio_2026,Published_Asset_VisualConfirmed,2607845,Universe - Existencial 2607845,1036844829507460_122134644177072582,2026-06-30,,Image,Reactions + comments + shares,4,4,0,0,2026-08-17_Assets_Junio_FB_IDs.xlsx + Meta photo object + visual match,Visual confirmed; CNT assignment pending; photo ID retained in mapping CSV.
Junio_2026,Published_Asset_VisualConfirmed,2607847,Universe - Existencial 2607847,1036844829507460_122134648779072582,2026-06-30,,Image,Reactions + comments + shares,10,10,0,0,2026-08-17_Assets_Junio_FB_IDs.xlsx + Meta photo object + visual match,Visual confirmed; CNT assignment pending; photo ID retained in mapping CSV.
Junio_2026,Published_Asset_VisualConfirmed,2607843,Universe - Existencial 2607843,1036844829507460_122134649487072582,2026-06-30,,Image,Reactions + comments + shares,8,7,1,0,2026-08-17_Assets_Junio_FB_IDs.xlsx + Meta photo object + visual match,Visual confirmed; CNT assignment pending; photo ID retained in mapping CSV.
